id,survey_date,stream,distance,type,species,gravel,life_stage,sex,adipose_fin,spawning_success,predation,notes,survey_year,carcass_age_hours,standard_length,width,redd_substrate,source,source_file,ec5_uuid,created_at,lat,lon,gps_accuracy,utm_northing,utm_easting,utm_zone,photo,location,activity
1.0,2013-11-03,Piper's Creek,0,dead,chum,,ad,male,yes,partially spawned,yes, original distance: Beach,2013,48.0,30.0,7.0,,scanned,salmon_2013_scanned_raw.csv,,,,,,,,,,,
2.0,2013-11-03,Piper's Creek,0,dead,chum,,ad,male,yes,partially spawned,yes, original distance: Beach,2013,48.0,29.0,7.0,,scanned,salmon_2013_scanned_raw.csv,,,,,,,,,,,
3.0,2013-11-03,Piper's Creek,0,dead,chum,,ad,male,yes,unspawned,yes,Head partially missing,2013,48.0,28.0,5.5,,scanned,salmon_2013_scanned_raw.csv,,,,,,,,,,,
4.0,2013-11-03,Piper's Creek,0,remnant,chum,,ad,male,yes,unknown,yes,,2013,48.0,,,,scanned,salmon_2013_scanned_raw.csv,,,,,,,,,,,
5.0,2013-11-03,Piper's Creek,100,live,uk,,ad,uk,uk,,,In the culvert behind tracks,2013,,,,,scanned,salmon_2013_scanned_raw.csv,,,,,,,,,,,
6.0,2013-11-03,Piper's Creek,100,live,uk,,ad,uk,uk,,,In the culvert behind tracks,2013,,,,,scanned,salmon_2013_scanned_raw.csv,,,,,,,,,,,
7.0,2013-11-03,Piper's Creek,100,live,uk,,ad,uk,uk,,,In the culvert behind tracks,2013,,,,,scanned,salmon_2013_scanned_raw.csv,,,,,,,,,,,
8.0,2013-11-03,Piper's Creek,100,live,uk,,ad,uk,uk,,,In the culvert behind tracks,2013,,,,,scanned,salmon_2013_scanned_raw.csv,,,,,,,,,,,
9.0,2013-11-03,Piper's Creek,100,live,uk,,ad,uk,uk,,,In the culvert behind tracks,2013,,,,,scanned,salmon_2013_scanned_raw.csv,,,,,,,,,,,
10.0,2013-11-03,Piper's Creek,100,live,uk,,ad,uk,uk,,,In the culvert behind tracks,2013,,,,,scanned,salmon_2013_scanned_raw.csv,,,,,,,,,,,
11.0,2013-11-03,Piper's Creek,150,live,chum,,ad,female,uk,,,,2013,,,,,scanned,salmon_2013_scanned_raw.csv,,,,,,,,,,,
12.0,2013-11-03,Piper's Creek,150,live,chum,,ad,female,uk,,,,2013,,,,,scanned,salmon_2013_scanned_raw.csv,,,,,,,,,,,
13.0,2013-11-03,Piper's Creek,200,live,chum,,ad,male,uk,,,,2013,,,,,scanned,salmon_2013_scanned_raw.csv,,,,,,,,,,,
14.0,2013-11-03,Piper's Creek,200,live,chum,,ad,male,uk,,,,2013,,,,,scanned,salmon_2013_scanned_raw.csv,,,,,,,,,,,
15.0,2013-11-03,Piper's Creek,300,live,chum,,ad,uk,uk,,,,2013,,,,,scanned,salmon_2013_scanned_raw.csv,,,,,,,,,,,
16.0,2013-11-03,Piper's Creek,300,live,chum,,ad,female,uk,,,,2013,,,,,scanned,salmon_2013_scanned_raw.csv,,,,,,,,,,,
17.0,2013-11-03,Piper's Creek,300,live,chum,,ad,uk,uk,,,,2013,,,,,scanned,salmon_2013_scanned_raw.csv,,,,,,,,,,,
18.0,2013-11-03,Piper's Creek,400,live,chum,,ad,male,uk,,,,2013,,,,,scanned,salmon_2013_scanned_raw.csv,,,,,,,,,,,
19.0,2013-11-03,Piper's Creek,425,live,chum,,ad,male,uk,,,,2013,,,,,scanned,salmon_2013_scanned_raw.csv,,,,,,,,,,,
20.0,2013-11-03,Piper's Creek,450,live,chum,,ad,female,uk,,,,2013,,,,,scanned,salmon_2013_scanned_raw.csv,,,,,,,,,,,
21.0,2013-11-03,Piper's Creek,450,live,chum,,ad,female,uk,,,,2013,,,,,scanned,salmon_2013_scanned_raw.csv,,,,,,,,,,,
22.0,2013-11-03,Piper's Creek,450,live,chum,,ad,uk,uk,,,,2013,,,,,scanned,salmon_2013_scanned_raw.csv,,,,,,,,,,,
23.0,2013-11-03,Piper's Creek,600,live,chum,,ad,female,uk,,,,2013,,,,,scanned,salmon_2013_scanned_raw.csv,,,,,,,,,,,
24.0,2013-11-03,Piper's Creek,625,live,chum,,ad,male,uk,,,,2013,,,,,scanned,salmon_2013_scanned_raw.csv,,,,,,,,,,,
25.0,2013-11-03,Piper's Creek,625,live,chum,,ad,female,uk,,,,2013,,,,,scanned,salmon_2013_scanned_raw.csv,,,,,,,,,,,
26.0,2013-11-03,Piper's Creek,700,live,chum,,ad,male,uk,,,,2013,,,,,scanned,salmon_2013_scanned_raw.csv,,,,,,,,,,,
27.0,2013-11-03,Piper's Creek,1050,live,chum,,ad,male,uk,,,,2013,,,,,scanned,salmon_2013_scanned_raw.csv,,,,,,,,,,,
28.0,2013-11-03,Piper's Creek,1050,live,chum,,ad,female,uk,,,,2013,,,,,scanned,salmon_2013_scanned_raw.csv,,,,,,,,,,,
29.0,2013-11-03,Piper's Creek,1100,live,chum,,ad,male,uk,,,,2013,,,,,scanned,salmon_2013_scanned_raw.csv,,,,,,,,,,,
30.0,2013-11-03,Piper's Creek,1100,live,chum,,ad,male,uk,,,,2013,,,,,scanned,salmon_2013_scanned_raw.csv,,,,,,,,,,,
31.0,2013-11-03,Piper's Creek,1100,live,chum,,ad,female,uk,,,,2013,,,,,scanned,salmon_2013_scanned_raw.csv,,,,,,,,,,,
32.0,2013-11-03,Piper's Creek,1150,live,chum,,ad,male,uk,,,,2013,,,,,scanned,salmon_2013_scanned_raw.csv,,,,,,,,,,,
33.0,2013-11-03,Piper's Creek,1150,live,chum,,ad,uk,uk,,,,2013,,,,,scanned,salmon_2013_scanned_raw.csv,,,,,,,,,,,
34.0,2013-11-03,Piper's Creek,1150,live,chum,,ad,uk,uk,,,,2013,,,,,scanned,salmon_2013_scanned_raw.csv,,,,,,,,,,,
35.0,2013-11-03,Piper's Creek,1150,live,chum,,ad,uk,uk,,,,2013,,,,,scanned,salmon_2013_scanned_raw.csv,,,,,,,,,,,
36.0,2013-11-03,Piper's Creek,850,dead,chum,,ad,male,uk,unspawned,no,,2013,48.0,32.0,7.5,,scanned,salmon_2013_scanned_raw.csv,,,,,,,,,,,
37.0,2013-11-03,Piper's Creek,1250,live,chum,,ad,female,uk,,,,2013,,,,,scanned,salmon_2013_scanned_raw.csv,,,,,,,,,,,
38.0,2013-11-03,Piper's Creek,1250,live,chum,,ad,male,uk,,,,2013,,,,,scanned,salmon_2013_scanned_raw.csv,,,,,,,,,,,
39.0,2013-11-03,Piper's Creek,1250,live,chum,,ad,male,uk,,,,2013,,,,,scanned,salmon_2013_scanned_raw.csv,,,,,,,,,,,
40.0,2013-11-03,Piper's Creek,1500,live,cutthroat,,uk,uk,uk,,,,2013,,,,,scanned,salmon_2013_scanned_raw.csv,,,,,,,,,,,
41.0,2013-11-03,Piper's Creek,1900,dead,ck,,3 yr,female,no,,,"AC2026: orginal entry recorded as CK, revised to CH",2013,,22.0,5.0,,scanned,salmon_2013_scanned_raw.csv,,,,,,,,,,,
42.0,2013-11-03,Piper's Creek,1950,live,chum,,ad,female,uk,,,,2013,,,,,scanned,salmon_2013_scanned_raw.csv,,,,,,,,,,,
43.0,2013-11-03,Piper's Creek,,live,cutthroat,,uk,uk,uk,,,,2013,,,,,scanned,salmon_2013_scanned_raw.csv,,,,,,,,,,,
1.0,2013-11-09,Piper's Creek,,dead,chum,,ad,male,yes,n,yes,,2013,24.0,27.0,6.0,,scanned,salmon_2013_scanned_raw.csv,,,,,,,,,,,
2.0,2013-11-09,Piper's Creek,,live,chum,,ad,female,,,,,2013,,,,,scanned,salmon_2013_scanned_raw.csv,,,,,,,,,,,
3.0,2013-11-09,Piper's Creek,200,dead,chum,,ad,male,yes,n,no,,2013,24.0,27.0,5.0,gravel,scanned,salmon_2013_scanned_raw.csv,,,,,,,,,,,
4.0,2013-11-09,Piper's Creek,250,live,chum,,ad,female,uk,,,,2013,,,,,scanned,salmon_2013_scanned_raw.csv,,,,,,,,,,,
5.0,2013-11-09,Piper's Creek,350,live,chum,,ad,female,uk,,,,2013,,,,,scanned,salmon_2013_scanned_raw.csv,,,,,,,,,,,
6.0,2013-11-09,Piper's Creek,400,live,chum,,ad,female,uk,,,,2013,,,,riffle,scanned,salmon_2013_scanned_raw.csv,,,,,,,,,,,
7.0,2013-11-09,Piper's Creek,450,live,chum,,ad,female,uk,,,,2013,,,,riffle,scanned,salmon_2013_scanned_raw.csv,,,,,,,,,,,
8.0,2013-11-09,Piper's Creek,450,dead,coho,,ad,male,yes,uk,no,,2013,48.0,24.0,5.5,,scanned,salmon_2013_scanned_raw.csv,,,,,,,,,,,
9.0,2013-11-09,Piper's Creek,450,dead,chum,,ad,male,yes,n,no,,2013,24.0,27.0,6.0,riffle,scanned,salmon_2013_scanned_raw.csv,,,,,,,,,,,
10.0,2013-11-09,Piper's Creek,600,live,cutthroat,,ad,,,,,,2013,,,,riffle,scanned,salmon_2013_scanned_raw.csv,,,,,,,,,,,
11.0,2013-11-09,Piper's Creek,600,live,chum,,ad,female,,,,,2013,,,,riffle,scanned,salmon_2013_scanned_raw.csv,,,,,,,,,,,
12.0,2013-11-09,Piper's Creek,650,live,chum,,ad,female,yes,,,,2013,,,,,scanned,salmon_2013_scanned_raw.csv,,,,,,,,,,,
13.0,2013-11-09,Piper's Creek,650,live,chum,,ad,female,uk,,,,2013,,,,,scanned,salmon_2013_scanned_raw.csv,,,,,,,,,,,
14.0,2013-11-09,Piper's Creek,650,live,chum,,ad,male,yes,,,,2013,,,,,scanned,salmon_2013_scanned_raw.csv,,,,,,,,,,,
,2013-11-09,Piper's Creek,650,live,chum,,ad,male,yes,,,,2013,,,,,scanned,salmon_2013_scanned_raw.csv,,,,,,,,,,,
,2013-11-09,Piper's Creek,650,live,chum,,ad,male,yes,,,,2013,,,,,scanned,salmon_2013_scanned_raw.csv,,,,,,,,,,,
,2013-11-09,Piper's Creek,650,live,chum,,ad,male,yes,,,,2013,,,,,scanned,salmon_2013_scanned_raw.csv,,,,,,,,,,,
,2013-11-09,Piper's Creek,650,live,chum,,ad,male,yes,,,,2013,,,,,scanned,salmon_2013_scanned_raw.csv,,,,,,,,,,,
,2013-11-09,Piper's Creek,650,live,chum,,ad,male,yes,,,,2013,,,,,scanned,salmon_2013_scanned_raw.csv,,,,,,,,,,,
,2013-11-09,Piper's Creek,650,live,chum,,ad,male,yes,,,,2013,,,,,scanned,salmon_2013_scanned_raw.csv,,,,,,,,,,,
,2013-11-09,Piper's Creek,650,live,chum,,ad,male,yes,,,,2013,,,,,scanned,salmon_2013_scanned_raw.csv,,,,,,,,,,,
,2013-11-09,Piper's Creek,650,live,chum,,ad,male,yes,,,,2013,,,,,scanned,salmon_2013_scanned_raw.csv,,,,,,,,,,,
,2013-11-09,Piper's Creek,650,live,chum,,ad,male,yes,,,,2013,,,,,scanned,salmon_2013_scanned_raw.csv,,,,,,,,,,,
,2013-11-09,Piper's Creek,650,live,chum,,ad,male,yes,,,,2013,,,,,scanned,salmon_2013_scanned_raw.csv,,,,,,,,,,,
,2013-11-09,Piper's Creek,650,live,chum,,ad,male,yes,,,,2013,,,,,scanned,salmon_2013_scanned_raw.csv,,,,,,,,,,,
,2013-11-09,Piper's Creek,650,live,coho,,ad,male,yes,,,,2013,,,,,scanned,salmon_2013_scanned_raw.csv,,,,,,,,,,,
,2013-11-09,Piper's Creek,650,live,cutthroat,,ad,male,yes,,,,2013,,,,,scanned,salmon_2013_scanned_raw.csv,,,,,,,,,,,
15.0,2013-11-09,Piper's Creek,750,dead,chum,,ad,male,yes,n,,,2013,24.0,27.0,5.0,riffle,scanned,salmon_2013_scanned_raw.csv,,,,,,,,,,,
16.0,2013-11-09,Piper's Creek,750,live,chum,,ad,male,uk,uk,,,2013,,,,,scanned,salmon_2013_scanned_raw.csv,,,,,,,,,,,
17.0,2013-11-09,Piper's Creek,750,live,chum,,ad,male,uk,uk,,,2013,,,,riffle,scanned,salmon_2013_scanned_raw.csv,,,,,,,,,,,
12.0,2013-11-09,Piper's Creek,800,live,chum,,ad,male,uk,,,,2013,,,,riffle,scanned,salmon_2013_scanned_raw.csv,,,,,,,,,,,
13.0,2013-11-09,Piper's Creek,800,live,chum,,ad,uk,uk,,,,2013,,,,riffle,scanned,salmon_2013_scanned_raw.csv,,,,,,,,,,,
14.0,2013-11-09,Piper's Creek,800,live,chum,,ad,uk,uk,,,,2013,,,,riffle,scanned,salmon_2013_scanned_raw.csv,,,,,,,,,,,
15.0,2013-11-09,Piper's Creek,800,live,chum,,ad,uk,uk,,,,2013,,,,riffle,scanned,salmon_2013_scanned_raw.csv,,,,,,,,,,,
15.0,2013-11-09,Piper's Creek,800,live,chum,,ad,uk,uk,,,,2013,,,,riffle,scanned,salmon_2013_scanned_raw.csv,,,,,,,,,,,
16.0,2013-11-09,Piper's Creek,800,dead,chum,,ad,male,yes,n,yes,,2013,48.0,30.0,7.0,riffle,scanned,salmon_2013_scanned_raw.csv,,,,,,,,,,,
17.0,2013-11-09,Piper's Creek,800,live,chum,,ad,female,uk,,,*uncertain species ch vs ct,2013,,,,gravel,scanned,salmon_2013_scanned_raw.csv,,,,,,,,,,,
18.0,2013-11-09,Piper's Creek,800,live,chum,,ad,female,uk,,,,2013,,,,gravel,scanned,salmon_2013_scanned_raw.csv,,,,,,,,,,,
19.0,2013-11-09,Piper's Creek,800,live,chum,,ad,male,,,,,2013,,,,gravel,scanned,salmon_2013_scanned_raw.csv,,,,,,,,,,,
20.0,2013-11-09,Piper's Creek,800,live,chum,,ad,male,,,,,2013,,,,gravel,scanned,salmon_2013_scanned_raw.csv,,,,,,,,,,,
21.0,2013-11-09,Piper's Creek,800,live,chum,,ad,male,,,,,2013,,,,gravel,scanned,salmon_2013_scanned_raw.csv,,,,,,,,,,,
22.0,2013-11-09,Piper's Creek,850,live,chum,,ad,uk,uk,uk,,,2013,,,,riffle,scanned,salmon_2013_scanned_raw.csv,,,,,,,,,,,
23.0,2013-11-09,Piper's Creek,900,live,chum,,ad,male,uk,uk,,,2013,,,,riffle,scanned,salmon_2013_scanned_raw.csv,,,,,,,,,,,
24.0,2013-11-09,Piper's Creek,900,live,chum,,ad,male,uk,uk,,,2013,,,,riffle,scanned,salmon_2013_scanned_raw.csv,,,,,,,,,,,
25.0,2013-11-09,Piper's Creek,1100,live,chum,,ad,female,uk,uk,,,2013,,,,riffle,scanned,salmon_2013_scanned_raw.csv,,,,,,,,,,,
26.0,2013-11-09,Piper's Creek,1100,live,chum,,ad,female,uk,uk,,,2013,,,,riffle,scanned,salmon_2013_scanned_raw.csv,,,,,,,,,,,
27.0,2013-11-09,Piper's Creek,1100,live,chum,,ad,male,uk,uk,,,2013,,,,riffle,scanned,salmon_2013_scanned_raw.csv,,,,,,,,,,,
28.0,2013-11-09,Piper's Creek,1100,live,chum,,ad,female,uk,uk,,,2013,,,,riffle,scanned,salmon_2013_scanned_raw.csv,,,,,,,,,,,
29.0,2013-11-09,Piper's Creek,1100,live,chum,,ad,uk,uk,uk,,,2013,,,,riffle,scanned,salmon_2013_scanned_raw.csv,,,,,,,,,,,
30.0,2013-11-09,Piper's Creek,1150,dead,chum,,adult,male,,partially spawned,,,2013,24.0,28.0,6.0,riffle,scanned,salmon_2013_scanned_raw.csv,,,,,,,,,,,
31.0,2013-11-09,Piper's Creek,1200,live,chum,,adult,male,,,,,2013,,29.0,6.0,riffle,scanned,salmon_2013_scanned_raw.csv,,,,,,,,,,,
32.0,2013-11-09,Piper's Creek,1200,live,chum,,adult,female,yes,,,,2013,,32.0,8.0,riffle,scanned,salmon_2013_scanned_raw.csv,,,,,,,,,,,
33.0,2013-11-09,Piper's Creek,1200,dead,chum,,adult,female,yes,n,yes,,2013,48.0,,,riffle,scanned,salmon_2013_scanned_raw.csv,,,,,,,,,,,
34.0,2013-11-09,Piper's Creek,1250,dead,chum,,adult,male,,n,yes,,2013,48.0,,,riffle,scanned,salmon_2013_scanned_raw.csv,,,,,,,,,,,
35.0,2013-11-09,Piper's Creek,,,,,,,,,,,2013,,,,,scanned,salmon_2013_scanned_raw.csv,,,,,,,,,,,
36.0,2013-11-09,Piper's Creek,1250,live,chum,,ad,female,uk,uk,uk,,2013,,,,,scanned,salmon_2013_scanned_raw.csv,,,,,,,,,,,
37.0,2013-11-09,Piper's Creek,1250,live,chum,,ad,female,uk,uk,uk,,2013,,,,,scanned,salmon_2013_scanned_raw.csv,,,,,,,,,,,
38.0,2013-11-09,Piper's Creek,1250,live,chum,,ad,male,uk,uk,uk,,2013,,,,,scanned,salmon_2013_scanned_raw.csv,,,,,,,,,,,
39.0,2013-11-09,Piper's Creek,1250,live,chum,,ad,female,uk,uk,uk,,2013,,,,,scanned,salmon_2013_scanned_raw.csv,,,,,,,,,,,
40.0,2013-11-09,Piper's Creek,1250,live,chum,,ad,female,uk,uk,uk,,2013,,,,riffle,scanned,salmon_2013_scanned_raw.csv,,,,,,,,,,,
41.0,2013-11-09,Piper's Creek,1275,dead,chum,,ad,female,yes,y,no,,2013,48.0,26.0,5.0,,scanned,salmon_2013_scanned_raw.csv,,,,,,,,,,,
42.0,2013-11-09,Piper's Creek,1275,live,chum,,ad,male,uk,uk,uk,,2013,,,,,scanned,salmon_2013_scanned_raw.csv,,,,,,,,,,,
43.0,2013-11-09,Piper's Creek,1275,live,chum,,ad,male,uk,uk,uk,,2013,,,,,scanned,salmon_2013_scanned_raw.csv,,,,,,,,,,,
44.0,2013-11-09,Piper's Creek,1275,live,chum,,ad,male,uk,uk,uk,,2013,,,,,scanned,salmon_2013_scanned_raw.csv,,,,,,,,,,,
45.0,2013-11-09,Piper's Creek,1275,live,chum,,ad,male,uk,uk,uk,,2013,,,,,scanned,salmon_2013_scanned_raw.csv,,,,,,,,,,,
46.0,2013-11-09,Piper's Creek,1275,live,chum,,ad,female,uk,uk,uk,,2013,,,,,scanned,salmon_2013_scanned_raw.csv,,,,,,,,,,,
47.0,2013-11-09,Piper's Creek,1275,live,chum,,ad,male,uk,uk,uk,,2013,4.0,,,riffle,scanned,salmon_2013_scanned_raw.csv,,,,,,,,,,,
48.0,2013-11-09,Piper's Creek,1300,dead,chum,,adult,female,yes,n,yes,,2013,48.0,27.0,5.0,riffle,scanned,salmon_2013_scanned_raw.csv,,,,,,,,,,,
49.0,2013-11-09,Piper's Creek,1300,dead,chum,,adult,male,yes,n,yes,6.6 LB,2013,24.0,22.0,6.0,riffle,scanned,salmon_2013_scanned_raw.csv,,,,,,,,,,,
50.0,2013-11-09,Piper's Creek,1300,dead,chum,,3y,male,yes,spawned,yes,Head Gone,2013,48.0,,,riffle,scanned,salmon_2013_scanned_raw.csv,,,,,,,,,,,
51.0,2013-11-09,Piper's Creek,1350,live,chum,,adult,female,uk,,,,2013,,,,riffle,scanned,salmon_2013_scanned_raw.csv,,,,,,,,,,,
52.0,2013-11-09,Piper's Creek,1375,live,chum,,adult,female,uk,uk,uk,,2013,,,,riffle,scanned,salmon_2013_scanned_raw.csv,,,,,,,,,,,
53.0,2013-11-09,Piper's Creek,1375,live,chum,,adult,female,uk,uk,uk,,2013,,,,riffle,scanned,salmon_2013_scanned_raw.csv,,,,,,,,,,,
54.0,2013-11-09,Piper's Creek,1375,live,chum,,adult,female,uk,uk,uk,,2013,,,,riffle,scanned,salmon_2013_scanned_raw.csv,,,,,,,,,,,
55.0,2013-11-09,Piper's Creek,1375,live,chum,,adult,male,uk,uk,uk,,2013,,,,riffle,scanned,salmon_2013_scanned_raw.csv,,,,,,,,,,,
56.0,2013-11-09,Piper's Creek,1400,live,chum,,adult,female,uk,uk,uk,,2013,,,,riffle,scanned,salmon_2013_scanned_raw.csv,,,,,,,,,,,
57.0,2013-11-09,Piper's Creek,1400,live,chum,,adult,female,uk,uk,uk,,2013,,,,riffle,scanned,salmon_2013_scanned_raw.csv,,,,,,,,,,,
58.0,2013-11-09,Piper's Creek,1400,live,chum,,adult,female,uk,uk,uk,,2013,,,,riffle,scanned,salmon_2013_scanned_raw.csv,,,,,,,,,,,
59.0,2013-11-09,Piper's Creek,1450,live,chum,,adult,male,uk,uk,uk,,2013,,,,riffle,scanned,salmon_2013_scanned_raw.csv,,,,,,,,,,,
60.0,2013-11-09,Piper's Creek,1450,live,chum,,adult,male,uk,uk,uk,,2013,,,,riffle,scanned,salmon_2013_scanned_raw.csv,,,,,,,,,,,
61.0,2013-11-09,Piper's Creek,1450,live,cutthroat,,adult,male,uk,uk,uk,"Appears to be ""Ct"" for species but doesn't make total count for page",2013,,,,riffle,scanned,salmon_2013_scanned_raw.csv,,,,,,,,,,,
62.0,2013-11-09,Piper's Creek,1450,live,chum,,adult,male,uk,uk,uk,,2013,,,,riffle,scanned,salmon_2013_scanned_raw.csv,,,,,,,,,,,
63.0,2013-11-09,Piper's Creek,1450,live,chum,,adult,male,uk,uk,uk,,2013,,,,riffle,scanned,salmon_2013_scanned_raw.csv,,,,,,,,,,,
64.0,2013-11-09,Piper's Creek,1550,live,chum,,adult,female,uk,uk,uk,,2013,,,,riffle,scanned,salmon_2013_scanned_raw.csv,,,,,,,,,,,
65.0,2013-11-09,Piper's Creek,1550,live,chum,,adult,female,uk,uk,uk,,2013,,,,riffle,scanned,salmon_2013_scanned_raw.csv,,,,,,,,,,,
66.0,2013-11-09,Piper's Creek,1550,live,chum,,adult,female,uk,uk,uk,,2013,,,,riffle,scanned,salmon_2013_scanned_raw.csv,,,,,,,,,,,
67.0,2013-11-09,Piper's Creek,1550,live,chum,,adult,female,uk,uk,uk,,2013,,,,riffle,scanned,salmon_2013_scanned_raw.csv,,,,,,,,,,,
68.0,2013-11-09,Piper's Creek,1550,live,chum,,adult,male,uk,uk,uk,,2013,,,,riffle,scanned,salmon_2013_scanned_raw.csv,,,,,,,,,,,
69.0,2013-11-09,Piper's Creek,1550,live,chum,,adult,male,uk,uk,uk,,2013,,,,riffle,scanned,salmon_2013_scanned_raw.csv,,,,,,,,,,,
70.0,2013-11-09,Piper's Creek,1550,live,chum,,adult,male,uk,uk,uk,,2013,,,,riffle,scanned,salmon_2013_scanned_raw.csv,,,,,,,,,,,
71.0,2013-11-09,Piper's Creek,1600,live,chum,,adult,male,uk,uk,uk,,2013,,,,riffle,scanned,salmon_2013_scanned_raw.csv,,,,,,,,,,,
72.0,2013-11-09,Piper's Creek,1600,live,chum,,adult,male,uk,uk,uk,,2013,,,,riffle,scanned,salmon_2013_scanned_raw.csv,,,,,,,,,,,
73.0,2013-11-09,Piper's Creek,1650,live,chum,,adult,male,uk,uk,uk,,2013,,,,riffle,scanned,salmon_2013_scanned_raw.csv,,,,,,,,,,,
74.0,2013-11-09,Piper's Creek,1650,live,chum,,adult,male,uk,uk,uk,,2013,,,,riffle,scanned,salmon_2013_scanned_raw.csv,,,,,,,,,,,
75.0,2013-11-09,Piper's Creek,1650,live,chum,,adult,male,uk,uk,uk,,2013,,,,riffle,scanned,salmon_2013_scanned_raw.csv,,,,,,,,,,,
76.0,2013-11-09,Piper's Creek,1650,live,chum,,adult,female,uk,uk,uk,,2013,,,,riffle,scanned,salmon_2013_scanned_raw.csv,,,,,,,,,,,
77.0,2013-11-09,Piper's Creek,1650,live,chum,,adult,female,uk,uk,uk,,2013,,,,riffle,scanned,salmon_2013_scanned_raw.csv,,,,,,,,,,,
78.0,2013-11-09,Piper's Creek,1650,live,chum,,adult,female,uk,uk,no,,2013,,,,riffle,scanned,salmon_2013_scanned_raw.csv,,,,,,,,,,,
79.0,2013-11-09,Piper's Creek,1650,live,chum,,adult,female,uk,uk,no,,2013,,,,riffle,scanned,salmon_2013_scanned_raw.csv,,,,,,,,,,,
80.0,2013-11-09,Piper's Creek,1650,live,chum,,adult,female,uk,uk,no,,2013,,,,riffle,scanned,salmon_2013_scanned_raw.csv,,,,,,,,,,,
81.0,2013-11-09,Piper's Creek,1650,live,chum,,adult,female,uk,uk,no,,2013,,,,riffle,scanned,salmon_2013_scanned_raw.csv,,,,,,,,,,,
82.0,2013-11-09,Piper's Creek,1700,live,chum,,adult,male,uk,uk,no,,2013,,,,gravel,scanned,salmon_2013_scanned_raw.csv,,,,,,,,,,,
83.0,2013-11-09,Piper's Creek,1700,live,chum,,adult,male,uk,uk,no,,2013,,,,gravel,scanned,salmon_2013_scanned_raw.csv,,,,,,,,,,,
84.0,2013-11-09,Piper's Creek,1700,live,chum,,adult,male,uk,uk,no,,2013,,,,gravel,scanned,salmon_2013_scanned_raw.csv,,,,,,,,,,,
85.0,2013-11-09,Piper's Creek,1700,live,chum,,adult,female,uk,uk,no,,2013,,,,gravel,scanned,salmon_2013_scanned_raw.csv,,,,,,,,,,,
86.0,2013-11-09,Piper's Creek,1700,live,chum,,adult,female,uk,uk,no,,2013,,,,gravel,scanned,salmon_2013_scanned_raw.csv,,,,,,,,,,,
87.0,2013-11-09,Piper's Creek,1700,dead,chum,,adult,female,,spawned,,,2013,24.0,27.0,6.0,gravel,scanned,salmon_2013_scanned_raw.csv,,,,,,,,,,,
88.0,2013-11-09,Piper's Creek,1700,live,chum,,adult,female,uk,,,,2013,,,,gravel,scanned,salmon_2013_scanned_raw.csv,,,,,,,,,,,
89.0,2013-11-09,Piper's Creek,1800,live,chum,,adult,female,uk,,,,2013,,,,,scanned,salmon_2013_scanned_raw.csv,,,,,,,,,,,
90.0,2013-11-09,Piper's Creek,1800,live,chum,,adult,male,uk,,,,2013,,,,,scanned,salmon_2013_scanned_raw.csv,,,,,,,,,,,
91.0,2013-11-09,Piper's Creek,1500,live,chum,,adult,female,uk,,,,2013,,,,,scanned,salmon_2013_scanned_raw.csv,,,,,,,,,,,
92.0,2013-11-09,Piper's Creek,1900,live,chum,,adult,male,uk,uk,no,,2013,,,,,scanned,salmon_2013_scanned_raw.csv,,,,,,,,,,,
93.0,2013-11-09,Piper's Creek,1950,live,chum,,adult,female,uk,uk,no,,2013,,,,,scanned,salmon_2013_scanned_raw.csv,,,,,,,,,,,
94.0,2013-11-09,Piper's Creek,1950,live,chum,,adult,female,uk,uk,no,,2013,,,,,scanned,salmon_2013_scanned_raw.csv,,,,,,,,,,,
95.0,2013-11-09,Piper's Creek,1950,live,chum,,adult,female,uk,uk,no,,2013,,,,,scanned,salmon_2013_scanned_raw.csv,,,,,,,,,,,
96.0,2013-11-09,Piper's Creek,1950,live,chum,,adult,female,uk,uk,no,,2013,,,,,scanned,salmon_2013_scanned_raw.csv,,,,,,,,,,,
97.0,2013-11-09,Piper's Creek,1950,live,chum,,adult,female,uk,uk,no,,2013,,,,,scanned,salmon_2013_scanned_raw.csv,,,,,,,,,,,
98.0,2013-11-09,Piper's Creek,1950,live,chum,,adult,female,uk,uk,no,,2013,,,,,scanned,salmon_2013_scanned_raw.csv,,,,,,,,,,,
99.0,2013-11-09,Piper's Creek,1950,live,chum,,adult,female,uk,uk,no,,2013,,,,,scanned,salmon_2013_scanned_raw.csv,,,,,,,,,,,
100.0,2013-11-09,Piper's Creek,1950,live,chum,,adult,male,uk,uk,no,,2013,,,,,scanned,salmon_2013_scanned_raw.csv,,,,,,,,,,,
101.0,2013-11-09,Piper's Creek,1950,live,chum,,adult,male,uk,uk,no,,2013,,,,,scanned,salmon_2013_scanned_raw.csv,,,,,,,,,,,
102.0,2013-11-09,Piper's Creek,1950,live,chum,,adult,male,uk,uk,no,,2013,,,,,scanned,salmon_2013_scanned_raw.csv,,,,,,,,,,,
103.0,2013-11-09,Piper's Creek,1950,live,chum,,adult,male,uk,uk,yes,,2013,,,,,scanned,salmon_2013_scanned_raw.csv,,,,,,,,,,,
104.0,2013-11-09,Piper's Creek,1950,dead,coho,,3y,male,yes,partially spawned,yes,No head,2013,48.0,,,,scanned,salmon_2013_scanned_raw.csv,,,,,,,,,,,
106.0,2013-11-09,Piper's Creek,2000,live,chum,,adult,female,uk,uk,,,2013,,,,,scanned,salmon_2013_scanned_raw.csv,,,,,,,,,,,
107.0,2013-11-09,Piper's Creek,2000,live,chum,,adult,female,uk,uk,,,2013,,,,,scanned,salmon_2013_scanned_raw.csv,,,,,,,,,,,
108.0,2013-11-09,Piper's Creek,2000,live,chum,,adult,female,uk,uk,,,2013,,,,,scanned,salmon_2013_scanned_raw.csv,,,,,,,,,,,
109.0,2013-11-09,Piper's Creek,2000,live,chum,,adult,female,uk,uk,,,2013,,,,,scanned,salmon_2013_scanned_raw.csv,,,,,,,,,,,
110.0,2013-11-09,Piper's Creek,2000,live,chum,,adult,female,uk,uk,,,2013,,,,,scanned,salmon_2013_scanned_raw.csv,,,,,,,,,,,
111.0,2013-11-09,Venema Creek,100,live,chum,,adult,female,uk,uk,,,2013,,,,,scanned,salmon_2013_scanned_raw.csv,,,,,,,,,,,
112.0,2013-11-09,Venema Creek,150,dead,coho,,adult,,yes,n,yes,,2013,24.0,26.0,5.0,,scanned,salmon_2013_scanned_raw.csv,,,,,,,,,,,
113.0,2013-11-09,Venema Creek,150,dead,chum,,adult,male,yes,partially spawned,yes,,2013,48.0,30.0,6.0,,scanned,salmon_2013_scanned_raw.csv,,,,,,,,,,,
114.0,2013-11-09,Venema Creek,150,dead,chum,,adult,male,yes,n,yes,,2013,48.0,26.0,6.0,,scanned,salmon_2013_scanned_raw.csv,,,,,,,,,,,
115.0,2013-11-09,Venema Creek,150,live,uk,,adult,female,uk,uk,,,2013,,,,riffle,scanned,salmon_2013_scanned_raw.csv,,,,,,,,,,,
116.0,2013-11-09,Venema Creek,150,live,uk,,adult,female,uk,uk,,,2013,,,,riffle,scanned,salmon_2013_scanned_raw.csv,,,,,,,,,,,
117.0,2013-11-09,Venema Creek,150,live,uk,,adult,male,uk,uk,,,2013,,,,riffle,scanned,salmon_2013_scanned_raw.csv,,,,,,,,,,,
118.0,2013-11-09,Venema Creek,150,live,chum,,adult,uk,uk,uk,,,2013,,,,riffle,scanned,salmon_2013_scanned_raw.csv,,,,,,,,,,,
119.0,2013-11-09,Venema Creek,150,live,chum,,adult,uk,uk,uk,,,2013,,,,riffle,scanned,salmon_2013_scanned_raw.csv,,,,,,,,,,,
120.0,2013-11-09,Venema Creek,200,live,chum,,adult,female,,,,,2013,,,,riffle,scanned,salmon_2013_scanned_raw.csv,,,,,,,,,,,
121.0,2013-11-09,Venema Creek,250,remnant,chum,,adult,male,yes,spawned,yes,,2013,48.0,21.0,6.0,riffle,scanned,salmon_2013_scanned_raw.csv,,,,,,,,,,,
122.0,2013-11-09,Venema Creek,300,dead,chum,,adult,male,yes,n,yes,,2013,48.0,,,riffle,scanned,salmon_2013_scanned_raw.csv,,,,,,,,,,,
123.0,2013-11-09,Venema Creek,400,dead,chum,,adult,male,yes,n,yes,,2013,48.0,24.0,6.0,riffle,scanned,salmon_2013_scanned_raw.csv,,,,,,,,,,,
124.0,2013-11-09,Venema Creek,450,dead,chum,,adult,male,yes,n,yes,,2013,48.0,25.0,6.0,,scanned,salmon_2013_scanned_raw.csv,,,,,,,,,,,
1.0,2013-11-16,Piper's Creek,0,dead,coho,,ad,male,no,sp,no,,2013,24.0,24.0,4.0,,scanned,salmon_2013_scanned_raw.csv,,,,,,,,,,,
2.0,2013-11-16,Piper's Creek,0,dead,chum,,ad,male,yes,partially spawned,yes,,2013,48.0,24.0,5.0,,scanned,salmon_2013_scanned_raw.csv,,,,,,,,,,,
3.0,2013-11-16,Piper's Creek,0,dead,chum,,ad,male,yes,unspawned,yes,,2013,48.0,25.0,5.5,,scanned,salmon_2013_scanned_raw.csv,,,,,,,,,,,
4.0,2013-11-16,Piper's Creek,0,dead,chum,,ad,female,yes,partially spawned,yes,,2013,48.0,23.5,4.0,,scanned,salmon_2013_scanned_raw.csv,,,,,,,,,,,
5.0,2013-11-16,Piper's Creek,150,live,chum,,ad,male,uk,,,,2013,,,,,scanned,salmon_2013_scanned_raw.csv,,,,,,,,,,,
6.0,2013-11-16,Piper's Creek,150,remnant,chum,,ad,uk,uk,uk,yes,,2013,48.0,,,,scanned,salmon_2013_scanned_raw.csv,,,,,,,,,,,
7.0,2013-11-16,Piper's Creek,150,live,cutthroat,,ad,uk,uk,,,,2013,,,,,scanned,salmon_2013_scanned_raw.csv,,,,,,,,,,,
8.0,2013-11-16,Piper's Creek,300,live,chum,,ad,male,uk,,,,2013,,,,,scanned,salmon_2013_scanned_raw.csv,,,,,,,,,,,
9.0,2013-11-16,Piper's Creek,300,live,uk,,ad,uk,uk,,,,2013,,,,,scanned,salmon_2013_scanned_raw.csv,,,,,,,,,,,
10.0,2013-11-16,Piper's Creek,325,live,cutthroat,,ad,uk,uk,,,,2013,,,,,scanned,salmon_2013_scanned_raw.csv,,,,,,,,,,,
11.0,2013-11-16,Piper's Creek,325,live,chum,,ad,male,uk,,,,2013,,,,,scanned,salmon_2013_scanned_raw.csv,,,,,,,,,,,
12.0,2013-11-16,Piper's Creek,400,live,chum,,ad,male,uk,,,,2013,,,,,scanned,salmon_2013_scanned_raw.csv,,,,,,,,,,,
13.0,2013-11-16,Piper's Creek,400,live,chum,,ad,female,uk,,,,2013,,,,,scanned,salmon_2013_scanned_raw.csv,,,,,,,,,,,
14.0,2013-11-16,Piper's Creek,400,live,chum,,ad,female,uk,,,,2013,,,,,scanned,salmon_2013_scanned_raw.csv,,,,,,,,,,,
15.0,2013-11-16,Piper's Creek,500,live,chum,,ad,female,uk,,,,2013,,,,,scanned,salmon_2013_scanned_raw.csv,,,,,,,,,,,
16.0,2013-11-16,Piper's Creek,500,live,chum,,ad,female,uk,,,,2013,,,,,scanned,salmon_2013_scanned_raw.csv,,,,,,,,,,,
17.0,2013-11-16,Piper's Creek,500,live,chum,,ad,female,uk,,,,2013,,,,,scanned,salmon_2013_scanned_raw.csv,,,,,,,,,,,
18.0,2013-11-16,Piper's Creek,500,live,chum,,ad,male,uk,,,,2013,,,,,scanned,salmon_2013_scanned_raw.csv,,,,,,,,,,,
19.0,2013-11-16,Piper's Creek,500,live,chum,,ad,male,uk,,,,2013,,,,,scanned,salmon_2013_scanned_raw.csv,,,,,,,,,,,
20.0,2013-11-16,Piper's Creek,500,dead,chum,,ad,male,yes,sp,yes,,2013,48.0,30.0,9.0,,scanned,salmon_2013_scanned_raw.csv,,,,,,,,,,,
21.0,2013-11-16,Piper's Creek,500,dead,chum,,ad,male,yes,sp,yes,,2013,48.0,27.0,5.0,,scanned,salmon_2013_scanned_raw.csv,,,,,,,,,,,
22.0,2013-11-16,Piper's Creek,500,dead,chum,,ad,female,yes,sp,yes,,2013,48.0,23.0,5.0,,scanned,salmon_2013_scanned_raw.csv,,,,,,,,,,,
23.0,2013-11-16,Piper's Creek,500,dead,uk,,uk,female,no,unspawned,no,,2013,24.0,18.0,4.0,,scanned,salmon_2013_scanned_raw.csv,,,,,,,,,,,
24.0,2013-11-16,Piper's Creek,550,live,chum,,ad,female,uk,,,,2013,,,,gravel,scanned,salmon_2013_scanned_raw.csv,,,,,,,,,,,
25.0,2013-11-16,Piper's Creek,550,redd,chum,,,,,,,,2013,,,,riffle,scanned,salmon_2013_scanned_raw.csv,,,,,,,,,,,
26.0,2013-11-16,Piper's Creek,550,live,chum,,ad,male,uk,,,,2013,,,,gravel,scanned,salmon_2013_scanned_raw.csv,,,,,,,,,,,
27.0,2013-11-16,Piper's Creek,550,live,chum,,ad,female,uk,,,,2013,,,,gravel,scanned,salmon_2013_scanned_raw.csv,,,,,,,,,,,
28.0,2013-11-16,Piper's Creek,600,live,chum,,ad,male,uk,,,,2013,,,,gravel,scanned,salmon_2013_scanned_raw.csv,,,,,,,,,,,
29.0,2013-11-16,Piper's Creek,600,live,chum,,ad,female,,,,,2013,,,,gravel,scanned,salmon_2013_scanned_raw.csv,,,,,,,,,,,
30.0,2013-11-16,Piper's Creek,600,live,chum,,ad,male,,,,,2013,,,,gravel,scanned,salmon_2013_scanned_raw.csv,,,,,,,,,,,
31.0,2013-11-16,Piper's Creek,650,live,chum,,ad,male,,,,,2013,,,,gravel,scanned,salmon_2013_scanned_raw.csv,,,,,,,,,,,
32.0,2013-11-16,Piper's Creek,650,dead,chum,,ad,female,yes,spawned,no,,2013,48.0,24.0,5.0,,scanned,salmon_2013_scanned_raw.csv,,,,,,,,,,,
33.0,2013-11-16,Piper's Creek,650,dead,chum,,ad,male,yes,spawned,yes,,2013,48.0,25.0,5.0,,scanned,salmon_2013_scanned_raw.csv,,,,,,,,,,,
34.0,2013-11-16,Piper's Creek,650,dead,chum,,ad,male,yes,unspawned,yes,,2013,48.0,25.0,6.0,,scanned,salmon_2013_scanned_raw.csv,,,,,,,,,,,
35.0,2013-11-16,Piper's Creek,675,live,chum,,ad,male,uk,,,,2013,,,,,scanned,salmon_2013_scanned_raw.csv,,,,,,,,,,,
36.0,2013-11-16,Piper's Creek,675,dead,chum,,ad,male,yes,spawned,yes,,2013,48.0,26.5,6.0,,scanned,salmon_2013_scanned_raw.csv,,,,,,,,,,,
37.0,2013-11-16,Piper's Creek,675,dead,chum,,ad,male,yes,spawned,yes,,2013,48.0,26.5,6.5,,scanned,salmon_2013_scanned_raw.csv,,,,,,,,,,,
38.0,2013-11-16,Piper's Creek,675,dead,chum,,ad,male,yes,uk,yes,,2013,72.0,31.0,7.5,,scanned,salmon_2013_scanned_raw.csv,,,,,,,,,,,
39.0,2013-11-16,Piper's Creek,675,remnant,chum,,ad,male,uk,uk,yes,,2013,72.0,,,,scanned,salmon_2013_scanned_raw.csv,,,,,,,,,,,
40.0,2013-11-16,Piper's Creek,675,remnant,chum,,ad,female,uk,uk,yes,,2013,72.0,,,,scanned,salmon_2013_scanned_raw.csv,,,,,,,,,,,
41.0,2013-11-16,Piper's Creek,675,live,chum,,ad,female,uk,,,,2013,,,,,scanned,salmon_2013_scanned_raw.csv,,,,,,,,,,,
42.0,2013-11-16,Piper's Creek,675,remnant,chum,,ad,uk,uk,uk,yes,,2013,72.0,,,,scanned,salmon_2013_scanned_raw.csv,,,,,,,,,,,
43.0,2013-11-16,Piper's Creek,700,dead,chum,,ad,male,yes,sp,yes,,2013,48.0,30.0,7.5,,scanned,salmon_2013_scanned_raw.csv,,,,,,,,,,,
44.0,2013-11-16,Piper's Creek,725,dead,chum,,ad,female,yes,uk,yes,,2013,24.0,28.5,7.0,,scanned,salmon_2013_scanned_raw.csv,,,,,,,,,,,
45.0,2013-11-16,Piper's Creek,750,dead,chum,,ad,male,yes,sp,yes,,2013,48.0,23.0,5.0,,scanned,salmon_2013_scanned_raw.csv,,,,,,,,,,,
46.0,2013-11-16,Piper's Creek,750,dead,chum,,ad,male,yes,uk,yes,,2013,72.0,28.0,7.0,,scanned,salmon_2013_scanned_raw.csv,,,,,,,,,,,
47.0,2013-11-16,Piper's Creek,750,live,chum,,ad,female,uk,,,,2013,,,,gravel,scanned,salmon_2013_scanned_raw.csv,,,,,,,,,,,
48.0,2013-11-16,Piper's Creek,750,live,chum,,ad,female,uk,,,,2013,,,,gravel,scanned,salmon_2013_scanned_raw.csv,,,,,,,,,,,
49.0,2013-11-16,Piper's Creek,775,live,chum,,ad,female,uk,,,,2013,,,,gravel,scanned,salmon_2013_scanned_raw.csv,,,,,,,,,,,
50.0,2013-11-16,Piper's Creek,775,dead,chum,,ad,male,yes,sp,yes,,2013,48.0,28.0,6.0,gravel,scanned,salmon_2013_scanned_raw.csv,,,,,,,,,,,
51.0,2013-11-16,Piper's Creek,775,dead,chum,,ad,female,yes,sp,yes,,2013,48.0,26.0,5.0,gravel,scanned,salmon_2013_scanned_raw.csv,,,,,,,,,,,
52.0,2013-11-16,Piper's Creek,775,live,chum,,ad,female,uk,,,,2013,,,,riffle,scanned,salmon_2013_scanned_raw.csv,,,,,,,,,,,
53.0,2013-11-16,Piper's Creek,800,live,chum,,ad,male,uk,,,,2013,,,,riffle,scanned,salmon_2013_scanned_raw.csv,,,,,,,,,,,
54.0,2013-11-16,Piper's Creek,800,live,chum,,ad,female,uk,,,,2013,,,,riffle,scanned,salmon_2013_scanned_raw.csv,,,,,,,,,,,
55.0,2013-11-16,Piper's Creek,850,live,chum,,ad,female,uk,,,,2013,,,,gravel,scanned,salmon_2013_scanned_raw.csv,,,,,,,,,,,
56.0,2013-11-16,Piper's Creek,850,live,chum,,ad,female,uk,,,,2013,,,,gravel,scanned,salmon_2013_scanned_raw.csv,,,,,,,,,,,
57.0,2013-11-16,Piper's Creek,850,live,chum,,ad,female,uk,,,,2013,,,,gravel,scanned,salmon_2013_scanned_raw.csv,,,,,,,,,,,
58.0,2013-11-16,Piper's Creek,850,live,chum,,ad,male,uk,,,,2013,,,,gravel,scanned,salmon_2013_scanned_raw.csv,,,,,,,,,,,
59.0,2013-11-16,Piper's Creek,950,live,chum,,ad,male,uk,,,,2013,,,,,scanned,salmon_2013_scanned_raw.csv,,,,,,,,,,,
60.0,2013-11-16,Piper's Creek,950,live,chum,,ad,male,uk,,,,2013,,,,gravel,scanned,salmon_2013_scanned_raw.csv,,,,,,,,,,,
61.0,2013-11-16,Piper's Creek,950,remnant,chum,,ad,male,uk,uk,yes,Bank,2013,72.0,,,,scanned,salmon_2013_scanned_raw.csv,,,,,,,,,,,
62.0,2013-11-16,Piper's Creek,950,live,chum,,ad,uk,uk,,,,2013,,,,,scanned,salmon_2013_scanned_raw.csv,,,,,,,,,,,
63.0,2013-11-16,Piper's Creek,950,dead,chum,,ad,male,yes,sp,yes,Bank,2013,72.0,28.0,7.0,,scanned,salmon_2013_scanned_raw.csv,,,,,,,,,,,
64.0,2013-11-16,Piper's Creek,950,live,chum,,ad,female,uk,,,,2013,,,,gravel,scanned,salmon_2013_scanned_raw.csv,,,,,,,,,,,
65.0,2013-11-16,Piper's Creek,975,dead,chum,,ad,male,yes,partially spawned,yes,,2013,48.0,29.0,7.0,,scanned,salmon_2013_scanned_raw.csv,,,,,,,,,,,
66.0,2013-11-16,Piper's Creek,975,dead,chum,,ad,female,yes,spawned,yes,,2013,72.0,26.0,7.0,,scanned,salmon_2013_scanned_raw.csv,,,,,,,,,,,
67.0,2013-11-16,Piper's Creek,975,dead,chum,,ad,female,yes,partially spawned,no,,2013,24.0,25.0,5.0,,scanned,salmon_2013_scanned_raw.csv,,,,,,,,,,,
68.0,2013-11-16,Piper's Creek,1100,live,chum,,ad,female,uk,,,,2013,,,,,scanned,salmon_2013_scanned_raw.csv,,,,,,,,,,,
69.0,2013-11-16,Piper's Creek,1125,live,chum,,ad,male,uk,,,,2013,,,,riffle,scanned,salmon_2013_scanned_raw.csv,,,,,,,,,,,
70.0,2013-11-16,Piper's Creek,1125,live,chum,,ad,female,uk,,,,2013,,,,riffle,scanned,salmon_2013_scanned_raw.csv,,,,,,,,,,,
71.0,2013-11-16,Piper's Creek,1175,dead,chum,,ad,female,yes,uk,yes,Bank,2013,72.0,26.0,5.0,,scanned,salmon_2013_scanned_raw.csv,,,,,,,,,,,
72.0,2013-11-16,Piper's Creek,1175,live,chum,,ad,female,uk,,,,2013,,,,,scanned,salmon_2013_scanned_raw.csv,,,,,,,,,,,
73.0,2013-11-16,Piper's Creek,1175,live,chum,,ad,male,uk,,,,2013,,,,,scanned,salmon_2013_scanned_raw.csv,,,,,,,,,,,
74.0,2013-11-16,Piper's Creek,1175,live,chum,,ad,uk,uk,,,,2013,,,,,scanned,salmon_2013_scanned_raw.csv,,,,,,,,,,,
75.0,2013-11-16,Piper's Creek,1175,live,chum,,ad,uk,uk,,,,2013,,,,,scanned,salmon_2013_scanned_raw.csv,,,,,,,,,,,
76.0,2013-11-16,Piper's Creek,1175,live,chum,,ad,female,uk,,,,2013,,,,riffle,scanned,salmon_2013_scanned_raw.csv,,,,,,,,,,,
77.0,2013-11-16,Piper's Creek,1200,live,chum,,ad,female,uk,,,,2013,,,,riffle,scanned,salmon_2013_scanned_raw.csv,,,,,,,,,,,
78.0,2013-11-16,Piper's Creek,1200,live,chum,,ad,female,uk,,,,2013,,,,,scanned,salmon_2013_scanned_raw.csv,,,,,,,,,,,
79.0,2013-11-16,Piper's Creek,1200,dead,chum,,ad,male,yes,partially spawned,no,Bank,2013,24.0,24.5,5.0,,scanned,salmon_2013_scanned_raw.csv,,,,,,,,,,,
80.0,2013-11-16,Piper's Creek,1200,dead,chum,,ad,male,yes,spawned,yes,Bank,2013,72.0,26.0,6.0,,scanned,salmon_2013_scanned_raw.csv,,,,,,,,,,,
81.0,2013-11-16,Piper's Creek,1225,live,chum,,ad,male,uk,,,,2013,,,,,scanned,salmon_2013_scanned_raw.csv,,,,,,,,,,,
82.0,2013-11-16,Piper's Creek,1225,live,chum,,ad,female,uk,,,,2013,,,,,scanned,salmon_2013_scanned_raw.csv,,,,,,,,,,,
83.0,2013-11-16,Piper's Creek,1225,live,chum,,ad,female,uk,,,,2013,,,,,scanned,salmon_2013_scanned_raw.csv,,,,,,,,,,,
84.0,2013-11-16,Piper's Creek,1250,live,chum,,ad,female,uk,,,,2013,,,,,scanned,salmon_2013_scanned_raw.csv,,,,,,,,,,,
85.0,2013-11-16,Piper's Creek,1250,dead,chum,,ad,female,yes,spawned,no,,2013,24.0,25.0,4.5,,scanned,salmon_2013_scanned_raw.csv,,,,,,,,,,,
86.0,2013-11-16,Piper's Creek,1250,live,chum,,3yr,male,uk,,,,2013,,,,riffle,scanned,salmon_2013_scanned_raw.csv,,,,,,,,,,,
87.0,2013-11-16,Piper's Creek,1250,live,chum,,ad,male,uk,,,,2013,,,,gravel,scanned,salmon_2013_scanned_raw.csv,,,,,,,,,,,
88.0,2013-11-16,Piper's Creek,1250,live,chum,,ad,female,uk,,,,2013,,,,gravel,scanned,salmon_2013_scanned_raw.csv,,,,,,,,,,,
89.0,2013-11-16,Piper's Creek,1275,live,chum,,ad,female,uk,,,,2013,,,,,scanned,salmon_2013_scanned_raw.csv,,,,,,,,,,,
90.0,2013-11-16,Piper's Creek,1275,live,chum,,ad,female,uk,,,,2013,,,,,scanned,salmon_2013_scanned_raw.csv,,,,,,,,,,,
91.0,2013-11-16,Piper's Creek,1275,live,uk,,ad,uk,uk,,,,2013,,,,,scanned,salmon_2013_scanned_raw.csv,,,,,,,,,,,
92.0,2013-11-16,Piper's Creek,1275,live,uk,,ad,uk,uk,,,,2013,,,,,scanned,salmon_2013_scanned_raw.csv,,,,,,,,,,,
93.0,2013-11-16,Piper's Creek,1300,live,chum,,ad,female,uk,,,,2013,,,,gravel,scanned,salmon_2013_scanned_raw.csv,,,,,,,,,,,
94.0,2013-11-16,Piper's Creek,1300,live,chum,,ad,female,uk,,,,2013,,,,gravel,scanned,salmon_2013_scanned_raw.csv,,,,,,,,,,,
95.0,2013-11-16,Piper's Creek,1350,live,chum,,ad,male,uk,,,,2013,,,,gravel,scanned,salmon_2013_scanned_raw.csv,,,,,,,,,,,
96.0,2013-11-16,Piper's Creek,1350,remnant,chum,,ad,male,yes,,,B,2013,,,,,scanned,salmon_2013_scanned_raw.csv,,,,,,,,,,,
97.0,2013-11-16,Piper's Creek,1400,live,chum,,ad,male,uk,,,,2013,,,,riffle,scanned,salmon_2013_scanned_raw.csv,,,,,,,,,,,
98.0,2013-11-16,Piper's Creek,1400,live,chum,,ad,female,uk,,,,2013,,,,riffle,scanned,salmon_2013_scanned_raw.csv,,,,,,,,,,,
99.0,2013-11-16,Piper's Creek,1400,remnant,chum,,ad,uk,uk,unknown,yes,,2013,72.0,,,riffle,scanned,salmon_2013_scanned_raw.csv,,,,,,,,,,,
100.0,2013-11-16,Piper's Creek,1400,live,chum,,ad,male,uk,,,,2013,,,,,scanned,salmon_2013_scanned_raw.csv,,,,,,,,,,,
101.0,2013-11-16,Piper's Creek,1425,live,chum,,ad,female,uk,,,,2013,,,,,scanned,salmon_2013_scanned_raw.csv,,,,,,,,,,,
102.0,2013-11-16,Piper's Creek,1425,remnant,chum,,ad,male,uk,unknown,yes,,2013,72.0,,,,scanned,salmon_2013_scanned_raw.csv,,,,,,,,,,,
103.0,2013-11-16,Piper's Creek,1425,live,chum,,ad,male,uk,,,,2013,,,,gravel,scanned,salmon_2013_scanned_raw.csv,,,,,,,,,,,
104.0,2013-11-16,Piper's Creek,1425,live,chum,,ad,male,uk,,,,2013,,,,gravel,scanned,salmon_2013_scanned_raw.csv,,,,,,,,,,,
105.0,2013-11-16,Piper's Creek,1425,live,chum,,ad,male,uk,,,,2013,,,,gravel,scanned,salmon_2013_scanned_raw.csv,,,,,,,,,,,
106.0,2013-11-16,Piper's Creek,1425,live,chum,,ad,female,uk,,,,2013,,,,gravel,scanned,salmon_2013_scanned_raw.csv,,,,,,,,,,,
107.0,2013-11-16,Piper's Creek,1425,live,chum,,ad,female,uk,,,,2013,,,,gravel,scanned,salmon_2013_scanned_raw.csv,,,,,,,,,,,
108.0,2013-11-16,Piper's Creek,1425,live,chum,,ad,female,uk,,,,2013,,,,gravel,scanned,salmon_2013_scanned_raw.csv,,,,,,,,,,,
109.0,2013-11-16,Piper's Creek,1425,dead,chum,,ad,female,uk,uk,yes,,2013,72.0,,,riffle,scanned,salmon_2013_scanned_raw.csv,,,,,,,,,,,
110.0,2013-11-16,Piper's Creek,1425,dead,chum,,ad,male,uk,uk,yes,,2013,72.0,,,riffle,scanned,salmon_2013_scanned_raw.csv,,,,,,,,,,,
111.0,2013-11-16,Piper's Creek,1450,remnant,chum,,ad,male,yes,uk,yes,Bank,2013,72.0,,,,scanned,salmon_2013_scanned_raw.csv,,,,,,,,,,,
112.0,2013-11-16,Piper's Creek,1450,remnant,chum,,ad,male,yes,uk,yes,Bank,2013,72.0,,,,scanned,salmon_2013_scanned_raw.csv,,,,,,,,,,,
113.0,2013-11-16,Piper's Creek,1450,live,chum,,ad,male,uk,,,,2013,,,,riffle,scanned,salmon_2013_scanned_raw.csv,,,,,,,,,,,
114.0,2013-11-16,Piper's Creek,1450,live,chum,,ad,male,uk,,,,2013,,,,riffle,scanned,salmon_2013_scanned_raw.csv,,,,,,,,,,,
115.0,2013-11-16,Piper's Creek,1450,live,chum,,ad,male,uk,,,,2013,,,,riffle,scanned,salmon_2013_scanned_raw.csv,,,,,,,,,,,
116.0,2013-11-16,Piper's Creek,1450,live,chum,,ad,female,uk,,,,2013,,,,riffle,scanned,salmon_2013_scanned_raw.csv,,,,,,,,,,,
117.0,2013-11-16,Piper's Creek,1450,live,chum,,ad,female,uk,,,,2013,,,,riffle,scanned,salmon_2013_scanned_raw.csv,,,,,,,,,,,
118.0,2013-11-16,Piper's Creek,1450,live,chum,,ad,female,uk,,,,2013,,,,riffle,scanned,salmon_2013_scanned_raw.csv,,,,,,,,,,,
119.0,2013-11-16,Piper's Creek,1450,live,uk,,ad,uk,uk,,,,2013,,,,,scanned,salmon_2013_scanned_raw.csv,,,,,,,,,,,
120.0,2013-11-16,Piper's Creek,1450,live,uk,,ad,uk,uk,,,,2013,,,,,scanned,salmon_2013_scanned_raw.csv,,,,,,,,,,,
121.0,2013-11-16,Piper's Creek,1450,live,uk,,ad,uk,uk,,,,2013,,,,,scanned,salmon_2013_scanned_raw.csv,,,,,,,,,,,
122.0,2013-11-16,Piper's Creek,1450,live,uk,,ad,uk,uk,,,,2013,,,,,scanned,salmon_2013_scanned_raw.csv,,,,,,,,,,,
123.0,2013-11-16,Piper's Creek,1450,live,uk,,ad,uk,uk,,,,2013,,,,,scanned,salmon_2013_scanned_raw.csv,,,,,,,,,,,
124.0,2013-11-16,Piper's Creek,1450,live,uk,,ad,uk,uk,,,,2013,,,,,scanned,salmon_2013_scanned_raw.csv,,,,,,,,,,,
125.0,2013-11-16,Piper's Creek,1450,live,uk,,ad,female,uk,,,,2013,,,,riffle,scanned,salmon_2013_scanned_raw.csv,,,,,,,,,,,
126.0,2013-11-16,Piper's Creek,1450,live,uk,,ad,male,uk,,,,2013,,,,riffle,scanned,salmon_2013_scanned_raw.csv,,,,,,,,,,,
127.0,2013-11-16,Piper's Creek,1475,live,chum,,adult,female,uk,,,,2013,,,,riffle,scanned,salmon_2013_scanned_raw.csv,,,,,,,,,,,
128.0,2013-11-16,Piper's Creek,1475,live,chum,,adult,female,uk,,,,2013,,,,riffle,scanned,salmon_2013_scanned_raw.csv,,,,,,,,,,,
129.0,2013-11-16,Piper's Creek,1475,live,chum,,adult,female,uk,,,,2013,,,,riffle,scanned,salmon_2013_scanned_raw.csv,,,,,,,,,,,
130.0,2013-11-16,Piper's Creek,1475,live,chum,,adult,male,uk,,,,2013,,,,riffle,scanned,salmon_2013_scanned_raw.csv,,,,,,,,,,,
131.0,2013-11-16,Piper's Creek,1500,live,chum,,adult,male,uk,,,,2013,,,,gravel,scanned,salmon_2013_scanned_raw.csv,,,,,,,,,,,
132.0,2013-11-16,Piper's Creek,1500,live,chum,,adult,male,uk,,,,2013,,,,gravel,scanned,salmon_2013_scanned_raw.csv,,,,,,,,,,,
133.0,2013-11-16,Piper's Creek,1500,live,chum,,adult,female,uk,,,,2013,,,,gravel,scanned,salmon_2013_scanned_raw.csv,,,,,,,,,,,
134.0,2013-11-16,Piper's Creek,1500,live,chum,,adult,female,uk,,,,2013,,,,gravel,scanned,salmon_2013_scanned_raw.csv,,,,,,,,,,,
135.0,2013-11-16,Piper's Creek,1600,dead,chum,,adult,female,yes,spawned,yes,,2013,48.0,24.0,5.0,,scanned,salmon_2013_scanned_raw.csv,,,,,,,,,,,
136.0,2013-11-16,Piper's Creek,1600,dead,chum,,adult,male,yes,partially spawned,yes,,2013,48.0,31.0,7.0,,scanned,salmon_2013_scanned_raw.csv,,,,,,,,,,,
137.0,2013-11-16,Piper's Creek,1600,remnant,chum,,adult,male,yes,partially spawned,yes,,2013,72.0,,,,scanned,salmon_2013_scanned_raw.csv,,,,,,,,,,,
138.0,2013-11-16,Piper's Creek,1600,live,chum,,adult,female,uk,,,,2013,,,,riffle,scanned,salmon_2013_scanned_raw.csv,,,,,,,,,,,
139.0,2013-11-16,Piper's Creek,1625,live,chum,,adult,female,uk,,,,2013,,,,riffle,scanned,salmon_2013_scanned_raw.csv,,,,,,,,,,,
140.0,2013-11-16,Piper's Creek,1625,dead,chum,,adult,female,yes,spawned,yes,,2013,48.0,26.0,5.0,,scanned,salmon_2013_scanned_raw.csv,,,,,,,,,,,
141.0,2013-11-16,Piper's Creek,1625,dead,chum,,adult,male,yes,spawned,yes,,2013,48.0,28.0,6.0,,scanned,salmon_2013_scanned_raw.csv,,,,,,,,,,,
142.0,2013-11-16,Piper's Creek,1625,live,chum,,adult,female,uk,,,,2013,,,,,scanned,salmon_2013_scanned_raw.csv,,,,,,,,,,,
143.0,2013-11-16,Piper's Creek,1625,live,chum,,adult,female,uk,,,,2013,,,,,scanned,salmon_2013_scanned_raw.csv,,,,,,,,,,,
144.0,2013-11-16,Piper's Creek,1625,live,chum,,adult,male,uk,,,,2013,,,,,scanned,salmon_2013_scanned_raw.csv,,,,,,,,,,,
145.0,2013-11-16,Piper's Creek,1625,live,chum,,adult,female,uk,,,,2013,,,,,scanned,salmon_2013_scanned_raw.csv,,,,,,,,,,,
146.0,2013-11-16,Piper's Creek,1625,live,chum,,adult,male,uk,,,,2013,,,,,scanned,salmon_2013_scanned_raw.csv,,,,,,,,,,,
147.0,2013-11-16,Piper's Creek,1625,live,chum,,adult,male,uk,,,,2013,,,,,scanned,salmon_2013_scanned_raw.csv,,,,,,,,,,,
148.0,2013-11-16,Piper's Creek,1625,live,chum,,adult,female,uk,,,,2013,,,,,scanned,salmon_2013_scanned_raw.csv,,,,,,,,,,,
149.0,2013-11-16,Piper's Creek,1625,live,chum,,adult,female,uk,,,,2013,,,,,scanned,salmon_2013_scanned_raw.csv,,,,,,,,,,,
150.0,2013-11-16,Piper's Creek,1625,live,chum,,adult,female,uk,,,,2013,,,,riffle,scanned,salmon_2013_scanned_raw.csv,,,,,,,,,,,
151.0,2013-11-16,Piper's Creek,1700,live,chum,,adult,female,uk,,,,2013,,,,riffle,scanned,salmon_2013_scanned_raw.csv,,,,,,,,,,,
152.0,2013-11-16,Piper's Creek,1700,live,chum,,adult,female,uk,,,,2013,,,,riffle,scanned,salmon_2013_scanned_raw.csv,,,,,,,,,,,
153.0,2013-11-16,Piper's Creek,1700,live,chum,,adult,female,uk,,,,2013,,,,riffle,scanned,salmon_2013_scanned_raw.csv,,,,,,,,,,,
154.0,2013-11-16,Piper's Creek,1700,live,chum,,adult,female,uk,,,,2013,,,,riffle,scanned,salmon_2013_scanned_raw.csv,,,,,,,,,,,
155.0,2013-11-16,Piper's Creek,1700,live,chum,,adult,male,uk,,,,2013,,,,riffle,scanned,salmon_2013_scanned_raw.csv,,,,,,,,,,,
156.0,2013-11-16,Piper's Creek,1725,dead,chum,,adult,male,yes,partially spawned,yes,,2013,48.0,32.0,7.0,,scanned,salmon_2013_scanned_raw.csv,,,,,,,,,,,
157.0,2013-11-16,Piper's Creek,1725,live,chum,,adult,female,uk,,,,2013,,,,riffle,scanned,salmon_2013_scanned_raw.csv,,,,,,,,,,,
158.0,2013-11-16,Piper's Creek,1725,live,chum,,adult,female,uk,,,,2013,,,,riffle,scanned,salmon_2013_scanned_raw.csv,,,,,,,,,,,
159.0,2013-11-16,Piper's Creek,1725,live,chum,,adult,female,uk,,,,2013,,,,,scanned,salmon_2013_scanned_raw.csv,,,,,,,,,,,
160.0,2013-11-16,Piper's Creek,1725,live,chum,,adult,female,uk,,,,2013,,,,riffle,scanned,salmon_2013_scanned_raw.csv,,,,,,,,,,,
161.0,2013-11-16,Piper's Creek,1725,live,chum,,adult,female,uk,,,,2013,,,,riffle,scanned,salmon_2013_scanned_raw.csv,,,,,,,,,,,
162.0,2013-11-16,Piper's Creek,1725,live,chum,,adult,male,uk,,,,2013,,,,riffle,scanned,salmon_2013_scanned_raw.csv,,,,,,,,,,,
163.0,2013-11-16,Piper's Creek,1725,live,chum,,adult,male,uk,,,,2013,,,,riffle,scanned,salmon_2013_scanned_raw.csv,,,,,,,,,,,
164.0,2013-11-16,Piper's Creek,1725,live,chum,,adult,male,uk,,,,2013,,,,riffle,scanned,salmon_2013_scanned_raw.csv,,,,,,,,,,,
165.0,2013-11-16,Piper's Creek,1725,live,chum,,adult,male,uk,,,,2013,,,,riffle,scanned,salmon_2013_scanned_raw.csv,,,,,,,,,,,
166.0,2013-11-16,Piper's Creek,1725,dead,chum,,adult,female,yes,spawned,yes,,2013,48.0,25.0,5.0,riffle,scanned,salmon_2013_scanned_raw.csv,,,,,,,,,,,
167.0,2013-11-16,Piper's Creek,1725,dead,chum,,adult,male,yes,partially spawned,yes,,2013,48.0,31.0,7.0,riffle,scanned,salmon_2013_scanned_raw.csv,,,,,,,,,,,
168.0,2013-11-16,Piper's Creek,1725,dead,chum,,adult,female,yes,,,,2013,48.0,27.0,5.0,riffle,scanned,salmon_2013_scanned_raw.csv,,,,,,,,,,,
169.0,2013-11-16,Piper's Creek,1750,remnant,chum,,adult,female,yes,,,,2013,,,,,scanned,salmon_2013_scanned_raw.csv,,,,,,,,,,,
170.0,2013-11-16,Piper's Creek,1750,remnant,chum,,adult,uk,yes,,,,2013,,,,,scanned,salmon_2013_scanned_raw.csv,,,,,,,,,,,
171.0,2013-11-16,Piper's Creek,1750,live,chum,,adult,female,uk,,,,2013,,,,,scanned,salmon_2013_scanned_raw.csv,,,,,,,,,,,
172.0,2013-11-16,Piper's Creek,1750,live,chum,,adult,female,uk,,,,2013,,,,,scanned,salmon_2013_scanned_raw.csv,,,,,,,,,,,
173.0,2013-11-16,Piper's Creek,1750,live,chum,,adult,female,uk,,,,2013,,,,,scanned,salmon_2013_scanned_raw.csv,,,,,,,,,,,
174.0,2013-11-16,Piper's Creek,1750,live,chum,,adult,female,uk,,,,2013,,,,,scanned,salmon_2013_scanned_raw.csv,,,,,,,,,,,
175.0,2013-11-16,Piper's Creek,1800,dead,chum,,adult,male,yes,partially spawned,yes,Bank,2013,48.0,24.0,5.0,,scanned,salmon_2013_scanned_raw.csv,,,,,,,,,,,
176.0,2013-11-16,Piper's Creek,1800,live,chum,,adult,male,uk,,,,2013,,,,,scanned,salmon_2013_scanned_raw.csv,,,,,,,,,,,
177.0,2013-11-16,Piper's Creek,1800,live,chum,,adult,male,uk,,,,2013,,,,,scanned,salmon_2013_scanned_raw.csv,,,,,,,,,,,
178.0,2013-11-16,Piper's Creek,1800,live,chum,,adult,female,uk,,,,2013,,,,,scanned,salmon_2013_scanned_raw.csv,,,,,,,,,,,
179.0,2013-11-16,Piper's Creek,1800,live,chum,,adult,female,uk,,,,2013,,,,,scanned,salmon_2013_scanned_raw.csv,,,,,,,,,,,
175.0,2013-11-16,Piper's Creek,1850,live,chum,,adult,male,uk,,,,2013,,,,gravel,scanned,salmon_2013_scanned_raw.csv,,,,,,,,,,,
176.0,2013-11-16,Piper's Creek,1850,live,chum,,adult,male,uk,,,,2013,,,,gravel,scanned,salmon_2013_scanned_raw.csv,,,,,,,,,,,
177.0,2013-11-16,Piper's Creek,1850,live,chum,,adult,male,uk,,,,2013,,,,gravel,scanned,salmon_2013_scanned_raw.csv,,,,,,,,,,,
178.0,2013-11-16,Piper's Creek,1850,live,chum,,adult,female,uk,,,,2013,,,,gravel,scanned,salmon_2013_scanned_raw.csv,,,,,,,,,,,
179.0,2013-11-16,Piper's Creek,1850,live,chum,,adult,female,uk,,,,2013,,,,gravel,scanned,salmon_2013_scanned_raw.csv,,,,,,,,,,,
180.0,2013-11-16,Piper's Creek,1850,live,chum,,adult,female,uk,,,,2013,,,,gravel,scanned,salmon_2013_scanned_raw.csv,,,,,,,,,,,
181.0,2013-11-16,Piper's Creek,1850,live,chum,,adult,female,uk,,,,2013,,,,gravel,scanned,salmon_2013_scanned_raw.csv,,,,,,,,,,,
182.0,2013-11-16,Piper's Creek,1850,live,chum,,adult,male,uk,,,,2013,,,,gravel,scanned,salmon_2013_scanned_raw.csv,,,,,,,,,,,
183.0,2013-11-16,Piper's Creek,1850,live,chum,,adult,female,uk,,,,2013,,,,gravel,scanned,salmon_2013_scanned_raw.csv,,,,,,,,,,,
184.0,2013-11-16,Piper's Creek,1850,live,chum,,adult,female,uk,,,,2013,,,,gravel,scanned,salmon_2013_scanned_raw.csv,,,,,,,,,,,
185.0,2013-11-16,Piper's Creek,1850,live,chum,,adult,male,uk,,,,2013,,,,gravel,scanned,salmon_2013_scanned_raw.csv,,,,,,,,,,,
186.0,2013-11-16,Piper's Creek,1850,live,chum,,adult,uk,uk,,,,2013,,,,gravel,scanned,salmon_2013_scanned_raw.csv,,,,,,,,,,,
187.0,2013-11-16,Piper's Creek,1850,live,chum,,adult,uk,uk,,,,2013,,,,gravel,scanned,salmon_2013_scanned_raw.csv,,,,,,,,,,,
188.0,2013-11-16,Piper's Creek,1850,live,chum,,adult,uk,uk,,,,2013,,,,gravel,scanned,salmon_2013_scanned_raw.csv,,,,,,,,,,,
189.0,2013-11-16,Piper's Creek,1850,remnant,chum,,adult,female,uk,,,,2013,,,,gravel,scanned,salmon_2013_scanned_raw.csv,,,,,,,,,,,
190.0,2013-11-16,Piper's Creek,1850,dead,coho,,adult,female,uk,unspawned,no,,2013,24.0,25.0,5.0,gravel,scanned,salmon_2013_scanned_raw.csv,,,,,,,,,,,
191.0,2013-11-16,Piper's Creek,,i,chum,,adult,male,yes,,,,2013,,,,,scanned,salmon_2013_scanned_raw.csv,,,,,,,,,,,
192.0,2013-11-16,Piper's Creek,1900,remnant,chum,,adult,female,yes,,,,2013,,,,,scanned,salmon_2013_scanned_raw.csv,,,,,,,,,,,
193.0,2013-11-16,Piper's Creek,1900,live,chum,,adult,female,uk,,,,2013,,,,,scanned,salmon_2013_scanned_raw.csv,,,,,,,,,,,
194.0,2013-11-16,Piper's Creek,1900,live,chum,,adult,male,uk,,,,2013,,,,,scanned,salmon_2013_scanned_raw.csv,,,,,,,,,,,
195.0,2013-11-16,Piper's Creek,1950,live,chum,,adult,female,uk,,,,2013,,,,,scanned,salmon_2013_scanned_raw.csv,,,,,,,,,,,
196.0,2013-11-16,Piper's Creek,1950,live,chum,,adult,female,uk,,,,2013,,,,,scanned,salmon_2013_scanned_raw.csv,,,,,,,,,,,
197.0,2013-11-16,Piper's Creek,1950,live,chum,,adult,female,uk,,,,2013,,,,,scanned,salmon_2013_scanned_raw.csv,,,,,,,,,,,
198.0,2013-11-16,Piper's Creek,1950,live,chum,,adult,male,uk,,,,2013,,,,,scanned,salmon_2013_scanned_raw.csv,,,,,,,,,,,
199.0,2013-11-16,Piper's Creek,1950,dead,chum,,adult,male,yes,spawned,no,,2013,24.0,30.0,7.0,,scanned,salmon_2013_scanned_raw.csv,,,,,,,,,,,
200.0,2013-11-16,Piper's Creek,1950,live,chum,,adult,female,uk,,,,2013,,,,,scanned,salmon_2013_scanned_raw.csv,,,,,,,,,,,
201.0,2013-11-16,Piper's Creek,1950,live,chum,,adult,female,,,,,2013,,,,,scanned,salmon_2013_scanned_raw.csv,,,,,,,,,,,
202.0,2013-11-16,Piper's Creek,1950,live,,,,uk,,,,,2013,,,,,scanned,salmon_2013_scanned_raw.csv,,,,,,,,,,,
203.0,2013-11-16,Piper's Creek,1950,live,,,,uk,,,,,2013,,,,,scanned,salmon_2013_scanned_raw.csv,,,,,,,,,,,
204.0,2013-11-16,Piper's Creek,1950,live,,,,uk,,,,,2013,,,,,scanned,salmon_2013_scanned_raw.csv,,,,,,,,,,,
205.0,2013-11-16,Piper's Creek,1950,live,,,,uk,,,,,2013,,,,,scanned,salmon_2013_scanned_raw.csv,,,,,,,,,,,
206.0,2013-11-16,Piper's Creek,1910,live,chum,,adult,uk,uk,,,,2013,,,,,scanned,salmon_2013_scanned_raw.csv,,,,,,,,,,,
207.0,2013-11-16,Piper's Creek,2000,live,chum,,adult,male,uk,,,,2013,,,,,scanned,salmon_2013_scanned_raw.csv,,,,,,,,,,,
208.0,2013-11-16,Piper's Creek,2000,live,chum,,adult,male,uk,,,,2013,,,,,scanned,salmon_2013_scanned_raw.csv,,,,,,,,,,,
209.0,2013-11-16,Piper's Creek,2000,live,chum,,adult,male,uk,,,,2013,,,,,scanned,salmon_2013_scanned_raw.csv,,,,,,,,,,,
210.0,2013-11-16,Piper's Creek,2000,live,chum,,adult,male,uk,,,,2013,,,,,scanned,salmon_2013_scanned_raw.csv,,,,,,,,,,,
211.0,2013-11-16,Piper's Creek,2000,live,chum,,adult,male,uk,,,,2013,,,,,scanned,salmon_2013_scanned_raw.csv,,,,,,,,,,,
212.0,2013-11-16,Piper's Creek,2000,dead,chum,,adult,male,yes,unspawned,no,smelly,2013,72.0,24.0,6.0,,scanned,salmon_2013_scanned_raw.csv,,,,,,,,,,,
213.0,2013-11-16,Piper's Creek,2000,live,chum,,adult,female,uk,,,,2013,,,,,scanned,salmon_2013_scanned_raw.csv,,,,,,,,,,,
214.0,2013-11-16,Piper's Creek,2000,live,chum,,adult,female,uk,,,,2013,,,,,scanned,salmon_2013_scanned_raw.csv,,,,,,,,,,,
215.0,2013-11-16,Piper's Creek,2000,live,chum,,adult,female,uk,,,,2013,,,,,scanned,salmon_2013_scanned_raw.csv,,,,,,,,,,,
216.0,2013-11-16,Piper's Creek,2000,live,chum,,adult,female,uk,,,,2013,,,,,scanned,salmon_2013_scanned_raw.csv,,,,,,,,,,,
217.0,2013-11-16,Piper's Creek,2000,live,chum,,adult,female,uk,,,,2013,,,,,scanned,salmon_2013_scanned_raw.csv,,,,,,,,,,,
218.0,2013-11-16,Piper's Creek,2000,live,chum,,adult,female,uk,,,,2013,,,,,scanned,salmon_2013_scanned_raw.csv,,,,,,,,,,,
219.0,2013-11-16,Piper's Creek,2000,live,chum,,adult,female,uk,,,,2013,,,,,scanned,salmon_2013_scanned_raw.csv,,,,,,,,,,,
220.0,2013-11-16,Piper's Creek,2000,live,chum,,adult,female,uk,,,,2013,,,,,scanned,salmon_2013_scanned_raw.csv,,,,,,,,,,,
221.0,2013-11-16,Piper's Creek,2000,live,chum,,adult,female,uk,,,,2013,,,,,scanned,salmon_2013_scanned_raw.csv,,,,,,,,,,,
222.0,2013-11-16,Piper's Creek,2000,live,chum,,adult,female,uk,,,,2013,,,,,scanned,salmon_2013_scanned_raw.csv,,,,,,,,,,,
223.0,2013-11-16,Piper's Creek,2000,live,chum,,adult,female,uk,,,,2013,,,,,scanned,salmon_2013_scanned_raw.csv,,,,,,,,,,,
224.0,2013-11-16,Piper's Creek,2000,live,chum,,adult,female,uk,,,,2013,,,,,scanned,salmon_2013_scanned_raw.csv,,,,,,,,,,,
225.0,2013-11-16,Piper's Creek,2000,live,chum,,adult,female,uk,,,,2013,,,,,scanned,salmon_2013_scanned_raw.csv,,,,,,,,,,,
226.0,2013-11-16,Piper's Creek,2000,live,chum,,adult,female,uk,,,,2013,,,,,scanned,salmon_2013_scanned_raw.csv,,,,,,,,,,,
227.0,2013-11-16,Venema Creek,50,dead,chum,,adult,female,yes,spawned,yes,venema,2013,24.0,24.0,5.0,riffle,scanned,salmon_2013_scanned_raw.csv,,,,,,,,,,,
228.0,2013-11-16,Venema Creek,50,dead,chum,,adult,male,yes,,no,no knife,2013,48.0,31.0,7.0,riffle,scanned,salmon_2013_scanned_raw.csv,,,,,,,,,,,
229.0,2013-11-16,Venema Creek,75,dead,chum,,adult,female,yes,unspawned,yes,,2013,,26.0,6.0,riffle,scanned,salmon_2013_scanned_raw.csv,,,,,,,,,,,
230.0,2013-11-16,Venema Creek,75,dead,chum,,adult,male,yes,spawned,yes,,2013,48.0,27.0,6.0,riffle,scanned,salmon_2013_scanned_raw.csv,,,,,,,,,,,
231.0,2013-11-16,Venema Creek,75,dead,chum,,adult,male,yes,partially spawned,yes,,2013,48.0,27.0,6.0,riffle,scanned,salmon_2013_scanned_raw.csv,,,,,,,,,,,
232.0,2013-11-16,Venema Creek,75,dead,chum,,adult,female,yes,spawned,yes,,2013,48.0,27.0,5.5,riffle,scanned,salmon_2013_scanned_raw.csv,,,,,,,,,,,
233.0,2013-11-16,Venema Creek,75,dead,chum,,adult,female,yes,partially spawned,no,,2013,24.0,23.0,5.0,riffle,scanned,salmon_2013_scanned_raw.csv,,,,,,,,,,,
234.0,2013-11-16,Venema Creek,100,dead,chum,,adult,female,yes,spawned,no,,2013,24.0,25.0,5.0,,scanned,salmon_2013_scanned_raw.csv,,,,,,,,,,,
235.0,2013-11-16,Venema Creek,100,dead,chum,,adult,male,yes,spawned,no,,2013,24.0,30.0,6.0,,scanned,salmon_2013_scanned_raw.csv,,,,,,,,,,,
236.0,2013-11-16,Venema Creek,100,dead,chum,,adult,male,yes,spawned,no,,2013,48.0,32.5,7.0,,scanned,salmon_2013_scanned_raw.csv,,,,,,,,,,,
237.0,2013-11-16,Venema Creek,100,dead,chum,,adult,female,yes,partially spawned,no,,2013,48.0,23.0,4.0,,scanned,salmon_2013_scanned_raw.csv,,,,,,,,,,,
238.0,2013-11-16,Venema Creek,100,dead,chum,,adult,female,yes,spawned,yes,,2013,48.0,29.0,6.0,riffle,scanned,salmon_2013_scanned_raw.csv,,,,,,,,,,,
239.0,2013-11-16,Venema Creek,100,dead,chum,,adult,female,yes,spawned,no,,2013,24.0,26.0,5.0,riffle,scanned,salmon_2013_scanned_raw.csv,,,,,,,,,,,
240.0,2013-11-16,Venema Creek,100,dead,chum,,adult,female,yes,spawned,no,,2013,48.0,27.5,5.0,riffle,scanned,salmon_2013_scanned_raw.csv,,,,,,,,,,,
241.0,2013-11-16,Venema Creek,100,live,chum,,adult,female,uk,,,,2013,,,,riffle,scanned,salmon_2013_scanned_raw.csv,,,,,,,,,,,
242.0,2013-11-16,Venema Creek,200,dead,chum,,adult,female,yes,spawned,,,2013,72.0,23.0,5.0,riffle,scanned,salmon_2013_scanned_raw.csv,,,,,,,,,,,
243.0,2013-11-16,Venema Creek,200,dead,chum,,adult,male,yes,partially spawned,,,2013,72.0,30.0,7.0,riffle,scanned,salmon_2013_scanned_raw.csv,,,,,,,,,,,
244.0,2013-11-16,Venema Creek,200,dead,chum,,adult,male,yes,partially spawned,yes,,2013,72.0,24.0,6.0,riffle,scanned,salmon_2013_scanned_raw.csv,,,,,,,,,,,
245.0,2013-11-16,,,dead,chum,,adult,male,yes,unspawned,yes,,2013,48.0,24.0,5.0,riffle,scanned,salmon_2013_scanned_raw.csv,,,,,,,,,,,
246.0,2013-11-16,,,live,chum,,,female,,,,,2013,,,,,scanned,salmon_2013_scanned_raw.csv,,,,,,,,,,,
247.0,2013-11-16,,,live,chum,,,female,,,,,2013,,,,,scanned,salmon_2013_scanned_raw.csv,,,,,,,,,,,
248.0,2013-11-16,Venema Creek,250,live,chum,,adult,male,,,,,2013,,,,,scanned,salmon_2013_scanned_raw.csv,,,,,,,,,,,
249.0,2013-11-16,Venema Creek,250,live,chum,,adult,male,,,,,2013,,,,,scanned,salmon_2013_scanned_raw.csv,,,,,,,,,,,
250.0,2013-11-16,Venema Creek,250,live,chum,,adult,male,,,,,2013,,,,,scanned,salmon_2013_scanned_raw.csv,,,,,,,,,,,
251.0,2013-11-16,Venema Creek,250,live,chum,,adult,male,,,,,2013,,,,,scanned,salmon_2013_scanned_raw.csv,,,,,,,,,,,
252.0,2013-11-16,Venema Creek,250,live,chum,,adult,male,,,,,2013,,,,,scanned,salmon_2013_scanned_raw.csv,,,,,,,,,,,
253.0,2013-11-16,Venema Creek,250,dead,chum,,adult,male,yes,partially spawned,yes,,2013,48.0,29.0,7.0,riffle,scanned,salmon_2013_scanned_raw.csv,,,,,,,,,,,
254.0,2013-11-16,Venema Creek,250,dead,coho,,adult,female,yes,unspawned,yes,,2013,48.0,23.0,4.0,riffle,scanned,salmon_2013_scanned_raw.csv,,,,,,,,,,,
255.0,2013-11-16,Venema Creek,250,dead,chum,,adult,male,yes,partially spawned,yes,,2013,72.0,24.0,5.0,riffle,scanned,salmon_2013_scanned_raw.csv,,,,,,,,,,,
256.0,2013-11-16,Venema Creek,250,dead,chum,,adult,female,yes,unspawned,yes,,2013,24.0,24.0,5.0,riffle,scanned,salmon_2013_scanned_raw.csv,,,,,,,,,,,
257.0,2013-11-16,Venema Creek,250,remnant,chum,,adult,uk,uk,uk,yes,,2013,72.0,,,riffle,scanned,salmon_2013_scanned_raw.csv,,,,,,,,,,,
258.0,2013-11-16,Venema Creek,250,dead,chum,,adult,male,yes,partially spawned,yes,B,2013,72.0,30.0,6.0,riffle,scanned,salmon_2013_scanned_raw.csv,,,,,,,,,,,
259.0,2013-11-16,Venema Creek,275,dead,chum,,adult,male,yes,partially spawned,yes,,2013,72.0,25.0,6.0,riffle,scanned,salmon_2013_scanned_raw.csv,,,,,,,,,,,
260.0,2013-11-16,Venema Creek,275,dead,chum,,adult,male,yes,partially spawned,yes,,2013,72.0,27.0,5.0,riffle,scanned,salmon_2013_scanned_raw.csv,,,,,,,,,,,
261.0,2013-11-16,Venema Creek,215,dead,chum,,adult,female,yes,sp,yes,,2013,72.0,27.0,5.0,riffle,scanned,salmon_2013_scanned_raw.csv,,,,,,,,,,,
262.0,2013-11-16,Venema Creek,200,dead,chum,,ad,female,yes,unspawned,yes,,2013,72.0,26.0,6.0,riffle,scanned,salmon_2013_scanned_raw.csv,,,,,,,,,,,
263.0,2013-11-16,Venema Creek,200,dead,coho,,ad,female,yes,unspawned,yes,,2013,72.0,25.0,5.0,riffle,scanned,salmon_2013_scanned_raw.csv,,,,,,,,,,,
264.0,2013-11-16,Venema Creek,200,remnant,uk,,uk,uk,uk,uk,yes,,2013,72.0,,,riffle,scanned,salmon_2013_scanned_raw.csv,,,,,,,,,,,
265.0,2013-11-16,Venema Creek,300,live,chum,,ad,female,uk,,,,2013,,,,riffle,scanned,salmon_2013_scanned_raw.csv,,,,,,,,,,,
266.0,2013-11-16,Venema Creek,300,live,chum,,ad,female,uk,,,,2013,,,,riffle,scanned,salmon_2013_scanned_raw.csv,,,,,,,,,,,
267.0,2013-11-16,Venema Creek,300,live,chum,,ad,female,uk,,,,2013,,,,riffle,scanned,salmon_2013_scanned_raw.csv,,,,,,,,,,,
268.0,2013-11-16,Venema Creek,300,live,chum,,adult,female,uk,,,,2013,,,,riffle,scanned,salmon_2013_scanned_raw.csv,,,,,,,,,,,
269.0,2013-11-16,Venema Creek,300,live,chum,,adult,female,uk,,,,2013,,,,riffle,scanned,salmon_2013_scanned_raw.csv,,,,,,,,,,,
270.0,2013-11-16,Venema Creek,300,live,chum,,adult,male,uk,,,,2013,,,,riffle,scanned,salmon_2013_scanned_raw.csv,,,,,,,,,,,
271.0,2013-11-16,Venema Creek,300,live,chum,,adult,male,uk,,,,2013,,,,riffle,scanned,salmon_2013_scanned_raw.csv,,,,,,,,,,,
272.0,2013-11-16,Venema Creek,300,live,chum,,adult,male,uk,,,,2013,,,,riffle,scanned,salmon_2013_scanned_raw.csv,,,,,,,,,,,
273.0,2013-11-16,Venema Creek,300,live,chum,,adult,male,uk,,,,2013,,,,riffle,scanned,salmon_2013_scanned_raw.csv,,,,,,,,,,,
274.0,2013-11-16,Venema Creek,300,dead,chum,,adult,male,yes,unspawned,yes,,2013,24.0,27.0,6.0,riffle,scanned,salmon_2013_scanned_raw.csv,,,,,,,,,,,
275.0,2013-11-16,Venema Creek,300,dead,chum,,adult,female,yes,spawned,yes,,2013,24.0,28.0,5.0,riffle,scanned,salmon_2013_scanned_raw.csv,,,,,,,,,,,
276.0,2013-11-16,Venema Creek,300,live,chum,,ad,female,uk,,,,2013,,,,riffle,scanned,salmon_2013_scanned_raw.csv,,,,,,,,,,,
277.0,2013-11-16,Venema Creek,300,live,chum,,adult,female,uk,,,,2013,,,,riffle,scanned,salmon_2013_scanned_raw.csv,,,,,,,,,,,
278.0,2013-11-16,Venema Creek,300,live,chum,,adult,female,uk,,,,2013,,,,riffle,scanned,salmon_2013_scanned_raw.csv,,,,,,,,,,,
279.0,2013-11-16,Venema Creek,300,live,chum,,adult,male,uk,,,,2013,,,,riffle,scanned,salmon_2013_scanned_raw.csv,,,,,,,,,,,
280.0,2013-11-16,Venema Creek,300,live,chum,,adult,male,uk,,,,2013,,,,riffle,scanned,salmon_2013_scanned_raw.csv,,,,,,,,,,,
281.0,2013-11-16,Venema Creek,400,dead,chum,,adult,male,yes,uk,yes,,2013,72.0,25.0,6.0,riffle,scanned,salmon_2013_scanned_raw.csv,,,,,,,,,,,
282.0,2013-11-16,Venema Creek,400,dead,chum,,adult,male,yes,unspawned,yes,,2013,24.0,25.0,6.0,riffle,scanned,salmon_2013_scanned_raw.csv,,,,,,,,,,,
283.0,2013-11-16,Venema Creek,400,dead,chum,,adult,male,yes,partially spawned,yes,,2013,48.0,28.0,6.0,riffle,scanned,salmon_2013_scanned_raw.csv,,,,,,,,,,,
284.0,2013-11-16,Venema Creek,400,dead,chum,,adult,male,yes,unspawned,yes,,2013,48.0,23.0,5.0,riffle,scanned,salmon_2013_scanned_raw.csv,,,,,,,,,,,
285.0,2013-11-16,,,dead,chum,,adult,male,yes,partially spawned,yes,,2013,48.0,28.0,5.0,riffle,scanned,salmon_2013_scanned_raw.csv,,,,,,,,,,,
286.0,2013-11-16,,,dead,chum,,adult,female,yes,unspawned,yes,,2013,72.0,28.0,7.0,riffle,scanned,salmon_2013_scanned_raw.csv,,,,,,,,,,,
287.0,2013-11-16,,,dead,chum,,2,male,yes,unspawned,yes,,2013,48.0,24.0,5.0,riffle,scanned,salmon_2013_scanned_raw.csv,,,,,,,,,,,
288.0,2013-11-16,,,dead,chum,,adult,female,yes,unspawned,yes,,2013,48.0,22.0,5.0,riffle,scanned,salmon_2013_scanned_raw.csv,,,,,,,,,,,
289.0,2013-11-16,,,dead,chum,,adult,male,yes,partially spawned,yes,,2013,48.0,25.0,5.0,riffle,scanned,salmon_2013_scanned_raw.csv,,,,,,,,,,,
290.0,2013-11-16,Venema Creek,400,dead,chum,,adult,male,yes,unspawned,yes,,2013,24.0,24.0,5.0,riffle,scanned,salmon_2013_scanned_raw.csv,,,,,,,,,,,
291.0,2013-11-16,Venema Creek,450,dead,chum,,adult,male,yes,partially spawned,yes,,2013,48.0,30.0,6.0,riffle,scanned,salmon_2013_scanned_raw.csv,,,,,,,,,,,
292.0,2013-11-16,Venema Creek,450,dead,chum,,adult,female,yes,unspawned,yes,,2013,24.0,28.0,6.0,riffle,scanned,salmon_2013_scanned_raw.csv,,,,,,,,,,,
293.0,2013-11-16,Venema Creek,450,dead,chum,,adult,male,yes,partially spawned,yes,,2013,48.0,26.0,6.0,riffle,scanned,salmon_2013_scanned_raw.csv,,,,,,,,,,,
294.0,2013-11-16,Venema Creek,400,dead,chum,,adult,male,yes,unspawned,yes,,2013,48.0,23.0,5.0,riffle,scanned,salmon_2013_scanned_raw.csv,,,,,,,,,,,
295.0,2013-11-16,Venema Creek,450,dead,chum,,adult,female,yes,unspawned,yes,,2013,48.0,24.0,5.0,riffle,scanned,salmon_2013_scanned_raw.csv,,,,,,,,,,,
1.0,2013-11-23,Piper's Creek,0,dead,chum,,adult,male,yes,partially spawned,no, original distance: Beach,2013,48.0,26.0,6.0,,scanned,salmon_2013_scanned_raw.csv,,,,,,,,,,,
2.0,2013-11-23,Piper's Creek,0,dead,chum,,adult,male,uk,uk,no, original distance: Beach,2013,48.0,,,,scanned,salmon_2013_scanned_raw.csv,,,,,,,,,,,
3.0,2013-11-23,Piper's Creek,0,dead,chum,,adult,female,uk,uk,yes, original distance: Beach,2013,72.0,,,,scanned,salmon_2013_scanned_raw.csv,,,,,,,,,,,
4.0,2013-11-23,Piper's Creek,100,live,chum,,adult,uk,uk,uk,uk,fish in colvert under RR,2013,,,,,scanned,salmon_2013_scanned_raw.csv,,,,,,,,,,,
5.0,2013-11-23,Piper's Creek,100,live,chum,,adult,uk,uk,uk,uk,fish in colvert under RR,2013,,,,,scanned,salmon_2013_scanned_raw.csv,,,,,,,,,,,
6.0,2013-11-23,Piper's Creek,150,dead,chum,,adult,female,yes,spawned,no,,2013,24.0,25.0,6.0,gravel,scanned,salmon_2013_scanned_raw.csv,,,,,,,,,,,
7.0,2013-11-23,Piper's Creek,150,dead,chum,,adult,female,yes,spawned,no,,2013,24.0,23.0,5.0,gravel,scanned,salmon_2013_scanned_raw.csv,,,,,,,,,,,
8.0,2013-11-23,Piper's Creek,200,dead,chum,,adult,male,yes,spawned,no,,2013,48.0,25.0,6.0,riffle,scanned,salmon_2013_scanned_raw.csv,,,,,,,,,,,
9.0,2013-11-23,Piper's Creek,200,dead,chum,,adult,male,yes,partially spawned,no,,2013,48.0,29.5,6.5,riffle,scanned,salmon_2013_scanned_raw.csv,,,,,,,,,,,
10.0,2013-11-23,Piper's Creek,200,dead,chum,,adult,male,yes,spawned,yes,,2013,48.0,23.5,5.5,riffle,scanned,salmon_2013_scanned_raw.csv,,,,,,,,,,,
11.0,2013-11-23,Piper's Creek,250,dead,chum,,adult,male,yes,spawned,no,,2013,48.0,22.5,5.5,,scanned,salmon_2013_scanned_raw.csv,,,,,,,,,,,
12.0,2013-11-23,Piper's Creek,300,live,chum,,adult,female,uk,uk,no,,2013,,,,,scanned,salmon_2013_scanned_raw.csv,,,,,,,,,,,
13.0,2013-11-23,Piper's Creek,300,live,chum,,adult,female,uk,uk,no,,2013,,,,,scanned,salmon_2013_scanned_raw.csv,,,,,,,,,,,
14.0,2013-11-23,Piper's Creek,300,live,chum,,adult,male,uk,uk,no,,2013,,,,,scanned,salmon_2013_scanned_raw.csv,,,,,,,,,,,
15.0,2013-11-23,Piper's Creek,300,live,chum,,adult,female,uk,uk,no,,2013,,,,gravel,scanned,salmon_2013_scanned_raw.csv,,,,,,,,,,,
16.0,2013-11-23,Piper's Creek,300,live,coho,,adult,female,uk,uk,no,,2013,,,,gravel,scanned,salmon_2013_scanned_raw.csv,,,,,,,,,,,
17.0,2013-11-23,Piper's Creek,400,dead,chum,,adult,male,uk,n,no,,2013,24.0,23.0,5.5,gravel,scanned,salmon_2013_scanned_raw.csv,,,,,,,,,,,
18.0,2013-11-23,Piper's Creek,400,dead,chum,,adult,male,yes,uk,no,,2013,48.0,24.0,4.5,gravel,scanned,salmon_2013_scanned_raw.csv,,,,,,,,,,,
19.0,2013-11-23,Piper's Creek,450,dead,chum,,adult,male,yes,uk,no,,2013,48.0,28.0,6.0,gravel,scanned,salmon_2013_scanned_raw.csv,,,,,,,,,,,
20.0,2013-11-23,Piper's Creek,450,dead,chum,,adult,male,yes,uk,yes,,2013,48.0,28.0,6.0,gravel,scanned,salmon_2013_scanned_raw.csv,,,,,,,,,,,
21.0,2013-11-23,Piper's Creek,500,live,chum,,adult,female,uk,uk,no,,2013,,,,gravel,scanned,salmon_2013_scanned_raw.csv,,,,,,,,,,,
22.0,2013-11-23,Piper's Creek,550,dead,chum,,adult,male,uk,partially spawned,yes,,2013,72.0,25.0,4.5,riffle,scanned,salmon_2013_scanned_raw.csv,,,,,,,,,,,
23.0,2013-11-23,Piper's Creek,550,live,chum,,adult,female,uk,uk,no,,2013,,,,,scanned,salmon_2013_scanned_raw.csv,,,,,,,,,,,
24.0,2013-11-23,Piper's Creek,650,dead,chum,,adult,male,yes,partially spawned,no,,2013,72.0,30.0,7.5,gravel,scanned,salmon_2013_scanned_raw.csv,,,,,,,,,,,
25.0,2013-11-23,Piper's Creek,650,dead,chum,,adult,uk,uk,uk,yes,,2013,72.0,,,,scanned,salmon_2013_scanned_raw.csv,,,,,,,,,,,
26.0,2013-11-23,Piper's Creek,650,live,chum,,adult,female,uk,uk,no,,2013,,,,,scanned,salmon_2013_scanned_raw.csv,,,,,,,,,,,
27.0,2013-11-23,Piper's Creek,650,dead,chum,,adult,male,yes,uk,yes,,2013,72.0,26.5,5.5,riffle,scanned,salmon_2013_scanned_raw.csv,,,,,,,,,,,
28.0,2013-11-23,Piper's Creek,700,dead,chum,,adult,male,yes,n,no,,2013,72.0,27.0,7.0,riffle,scanned,salmon_2013_scanned_raw.csv,,,,,,,,,,,
28.0,2013-11-23,Piper's Creek,750,dead,chum,,adult,female,yes,uk,yes,,2013,72.0,22.0,4.0,gravel,scanned,salmon_2013_scanned_raw.csv,,,,,,,,,,,
29.0,2013-11-23,Piper's Creek,750,dead,chum,,adult,male,yes,n,yes,,2013,48.0,28.0,6.5,gravel,scanned,salmon_2013_scanned_raw.csv,,,,,,,,,,,
30.0,2013-11-23,Piper's Creek,800,dead,chum,,adult,male,yes,n,yes,,2013,72.0,28.0,6.0,gravel,scanned,salmon_2013_scanned_raw.csv,,,,,,,,,,,
31.0,2013-11-23,Piper's Creek,800,dead,chum,,adult,female,yes,spawned,yes,,2013,72.0,23.0,4.0,gravel,scanned,salmon_2013_scanned_raw.csv,,,,,,,,,,,
32.0,2013-11-23,Piper's Creek,800,dead,chum,,adult,male,yes,spawned,yes,,2013,72.0,28.0,6.5,gravel,scanned,salmon_2013_scanned_raw.csv,,,,,,,,,,,
33.0,2013-11-23,Piper's Creek,850,dead,chum,,adult,female,yes,spawned,no,,2013,48.0,24.0,4.0,gravel,scanned,salmon_2013_scanned_raw.csv,,,,,,,,,,,
34.0,2013-11-23,Piper's Creek,850,remnant,chum,,adult,female,uk,uk,yes,,2013,48.0,,,gravel,scanned,salmon_2013_scanned_raw.csv,,,,,,,,,,,
35.0,2013-11-23,Piper's Creek,875,remnant,chum,,adult,female,yes,uk,yes,,2013,48.0,,,gravel,scanned,salmon_2013_scanned_raw.csv,,,,,,,,,,,
36.0,2013-11-23,Piper's Creek,875,remnant,chum,,adult,male,yes,uk,yes,,2013,48.0,,,gravel,scanned,salmon_2013_scanned_raw.csv,,,,,,,,,,,
37.0,2013-11-23,Piper's Creek,875,dead,chum,,adult,male,yes,spawned,yes,,2013,48.0,27.0,6.0,gravel,scanned,salmon_2013_scanned_raw.csv,,,,,,,,,,,
38.0,2013-11-23,Piper's Creek,875,dead,chum,,adult,female,yes,spawned,no,,2013,24.0,22.0,4.5,riffle,scanned,salmon_2013_scanned_raw.csv,,,,,,,,,,,
39.0,2013-11-23,Piper's Creek,875,dead,chum,,adult,female,yes,spawned,no,,2013,24.0,23.0,4.0,riffle,scanned,salmon_2013_scanned_raw.csv,,,,,,,,,,,
40.0,2013-11-23,Piper's Creek,900,dead,chum,,adult,male,yes,spawned,no,,2013,24.0,26.0,6.0,riffle,scanned,salmon_2013_scanned_raw.csv,,,,,,,,,,,
41.0,2013-11-23,Piper's Creek,900,remnant,uk,,adult,female,yes,uk,yes,,2013,48.0,,,riffle,scanned,salmon_2013_scanned_raw.csv,,,,,,,,,,,
42.0,2013-11-23,Piper's Creek,900,live,chum,,adult,female,uk,uk,no,,2013,48.0,,,riffle,scanned,salmon_2013_scanned_raw.csv,,,,,,,,,,,
43.0,2013-11-23,Piper's Creek,900,dead,chum,,adult,female,yes,uk,no,,2013,48.0,,,riffle,scanned,salmon_2013_scanned_raw.csv,,,,,,,,,,,
44.0,2013-11-23,Piper's Creek,950,dead,chum,,adult,female,yes,uk,yes,,2013,48.0,,,riffle,scanned,salmon_2013_scanned_raw.csv,,,,,,,,,,,
45.0,2013-11-23,Piper's Creek,950,dead,chum,,adult,female,yes,n,no,,2013,48.0,22.0,3.5,riffle,scanned,salmon_2013_scanned_raw.csv,,,,,,,,,,,
46.0,2013-11-23,Piper's Creek,1000,live,chum,,adult,female,yes,uk,no,,2013,,,,gravel,scanned,salmon_2013_scanned_raw.csv,,,,,,,,,,,
47.0,2013-11-23,Piper's Creek,1100,dead,chum,,adult,male,yes,spawned,yes,,2013,48.0,29.0,6.5,gravel,scanned,salmon_2013_scanned_raw.csv,,,,,,,,,,,
48.0,2013-11-23,Piper's Creek,1100,dead,chum,,adult,male,yes,spawned,no,,2013,48.0,25.5,5.0,gravel,scanned,salmon_2013_scanned_raw.csv,,,,,,,,,,,
49.0,2013-11-23,Piper's Creek,1100,dead,chum,,adult,female,yes,n,yes,,2013,48.0,24.0,4.0,gravel,scanned,salmon_2013_scanned_raw.csv,,,,,,,,,,,
50.0,2013-11-23,Piper's Creek,1100,dead,chum,,adult,female,yes,spawned,no,,2013,24.0,22.0,4.0,gravel,scanned,salmon_2013_scanned_raw.csv,,,,,,,,,,,
51.0,2013-11-23,Piper's Creek,1150,live,chum,,adult,female,uk,uk,no,,2013,,,,,scanned,salmon_2013_scanned_raw.csv,,,,,,,,,,,
52.0,2013-11-23,Piper's Creek,1200,live,chum,,adult,female,uk,uk,no,,2013,,,,,scanned,salmon_2013_scanned_raw.csv,,,,,,,,,,,
53.0,2013-11-23,Piper's Creek,1200,dead,chum,,adult,male,yes,spawned,yes,,2013,48.0,24.0,4.5,,scanned,salmon_2013_scanned_raw.csv,,,,,,,,,,,
54.0,2013-11-23,Piper's Creek,1200,live,chum,,adult,male,,uk,no,,2013,,,,,scanned,salmon_2013_scanned_raw.csv,,,,,,,,,,,
55.0,2013-11-23,Piper's Creek,1200,dead,chum,,adult,female,yes,spawned,no,,2013,48.0,24.5,5.0,,scanned,salmon_2013_scanned_raw.csv,,,,,,,,,,,
56.0,2013-11-23,Piper's Creek,1200,live,chum,,adult,female,uk,uk,no,,2013,,,,,scanned,salmon_2013_scanned_raw.csv,,,,,,,,,,,
57.0,2013-11-23,Piper's Creek,1200,live,chum,,adult,female,uk,uk,no,,2013,,,,,scanned,salmon_2013_scanned_raw.csv,,,,,,,,,,,
58.0,2013-11-23,Piper's Creek,1200,live,chum,,adult,female,uk,uk,no,,2013,,,,,scanned,salmon_2013_scanned_raw.csv,,,,,,,,,,,
59.0,2013-11-23,Piper's Creek,1200,live,chum,,adult,female,uk,uk,no,,2013,,,,,scanned,salmon_2013_scanned_raw.csv,,,,,,,,,,,
60.0,2013-11-23,Piper's Creek,1250,dead,chum,,adult,female,yes,uk,yes,,2013,,25.0,4.0,gravel,scanned,salmon_2013_scanned_raw.csv,,,,,,,,,,,
61.0,2013-11-23,Piper's Creek,1250,dead,chum,,adult,male,yes,n,yes,,2013,24.0,26.0,5.0,gravel,scanned,salmon_2013_scanned_raw.csv,,,,,,,,,,,
62.0,2013-11-23,Piper's Creek,1250,dead,chum,,adult,male,yes,ups,yes,,2013,48.0,23.0,5.0,riffle,scanned,salmon_2013_scanned_raw.csv,,,,,,,,,,,
63.0,2013-11-23,Piper's Creek,1250,live,chum,,adult,female,uk,uk,no,,2013,,,,,scanned,salmon_2013_scanned_raw.csv,,,,,,,,,,,
64.0,2013-11-23,Piper's Creek,1250,live,chum,,adult,female,uk,uk,no,,2013,,,,,scanned,salmon_2013_scanned_raw.csv,,,,,,,,,,,
65.0,2013-11-23,Piper's Creek,1275,live,chum,,adult,female,uk,uk,no,,2013,,,,,scanned,salmon_2013_scanned_raw.csv,,,,,,,,,,,
66.0,2013-11-23,Piper's Creek,1275,live,chum,,adult,female,uk,uk,no,,2013,,,,,scanned,salmon_2013_scanned_raw.csv,,,,,,,,,,,
67.0,2013-11-23,Piper's Creek,1275,live,chum,,adult,male,uk,uk,no,,2013,,,,,scanned,salmon_2013_scanned_raw.csv,,,,,,,,,,,
68.0,2013-11-23,Piper's Creek,1275,live,chum,,adult,female,uk,uk,no,,2013,,,,,scanned,salmon_2013_scanned_raw.csv,,,,,,,,,,,
69.0,2013-11-23,Piper's Creek,1275,dead,chum,,adult,female,uk,partially spawned,no,,2013,24.0,24.0,5.0,riffle,scanned,salmon_2013_scanned_raw.csv,,,,,,,,,,,
70.0,2013-11-23,Piper's Creek,1300,remnant,chum,,adult,female,uk,uk,yes,,2013,,,,riffle,scanned,salmon_2013_scanned_raw.csv,,,,,,,,,,,
71.0,2013-11-23,Piper's Creek,1300,live,chum,,adult,female,uk,uk,no,,2013,,,,riffle,scanned,salmon_2013_scanned_raw.csv,,,,,,,,,,,
72.0,2013-11-23,Piper's Creek,1300,live,chum,,adult,female,uk,uk,no,,2013,,,,riffle,scanned,salmon_2013_scanned_raw.csv,,,,,,,,,,,
73.0,2013-11-23,Piper's Creek,1300,live,chum,,adult,male,uk,uk,no,,2013,,,,,scanned,salmon_2013_scanned_raw.csv,,,,,,,,,,,
74.0,2013-11-23,Piper's Creek,1300,live,chum,,adult,female,uk,uk,no,,2013,,,,,scanned,salmon_2013_scanned_raw.csv,,,,,,,,,,,
75.0,2013-11-23,Piper's Creek,1350,dead,chum,,adult,male,yes,spawned,yes,,2013,48.0,29.0,7.0,,scanned,salmon_2013_scanned_raw.csv,,,,,,,,,,,
76.0,2013-11-23,Piper's Creek,1350,dead,chum,,adult,female,yes,uk,yes,,2013,48.0,27.0,7.0,,scanned,salmon_2013_scanned_raw.csv,,,,,,,,,,,
77.0,2013-11-23,Piper's Creek,1350,live,chum,,adult,female,uk,uk,no,,2013,,,,,scanned,salmon_2013_scanned_raw.csv,,,,,,,,,,,
78.0,2013-11-23,Piper's Creek,1350,dead,chum,,adult,female,yes,uk,no,,2013,48.0,24.0,4.0,gravel,scanned,salmon_2013_scanned_raw.csv,,,,,,,,,,,
79.0,2013-11-23,Piper's Creek,1375,dead,chum,,adult,male,yes,partially spawned,no,,2013,48.0,24.0,6.0,gravel,scanned,salmon_2013_scanned_raw.csv,,,,,,,,,,,
80.0,2013-11-23,Piper's Creek,1375,dead,chum,,adult,male,yes,uk,yes,,2013,48.0,27.5,4.5,gravel,scanned,salmon_2013_scanned_raw.csv,,,,,,,,,,,
81.0,2013-11-23,Piper's Creek,1375,remnant,chum,,adult,female,yes,uk,yes,,2013,72.0,,,gravel,scanned,salmon_2013_scanned_raw.csv,,,,,,,,,,,
82.0,2013-11-23,Piper's Creek,1400,live,chum,,adult,female,uk,uk,no,,2013,,,,gravel,scanned,salmon_2013_scanned_raw.csv,,,,,,,,,,,
83.0,2013-11-23,Piper's Creek,1400,live,chum,,adult,female,uk,uk,no,,2013,,,,gravel,scanned,salmon_2013_scanned_raw.csv,,,,,,,,,,,
84.0,2013-11-23,Piper's Creek,1400,live,chum,,adult,female,uk,,,,2013,,,,gravel,scanned,salmon_2013_scanned_raw.csv,,,,,,,,,,,
85.0,2013-11-23,Piper's Creek,1400,live,chum,,adult,male,uk,,,,2013,,,,gravel,scanned,salmon_2013_scanned_raw.csv,,,,,,,,,,,
86.0,2013-11-23,Piper's Creek,1400,dead,chum,,adult,male,yes,spawned,yes,,2013,24.0,31.0,7.0,gravel,scanned,salmon_2013_scanned_raw.csv,,,,,,,,,,,
87.0,2013-11-23,Piper's Creek,1400,live,chum,,adult,female,uk,uk,no,,2013,,,,gravel,scanned,salmon_2013_scanned_raw.csv,,,,,,,,,,,
88.0,2013-11-23,Piper's Creek,1450,dead,chum,,adult,male,yes,spawned,no,,2013,48.0,31.5,7.5,gravel,scanned,salmon_2013_scanned_raw.csv,,,,,,,,,,,
89.0,2013-11-23,Piper's Creek,1450,remnant,chum,,adult,female,uk,uk,yes,,2013,72.0,,,gravel,scanned,salmon_2013_scanned_raw.csv,,,,,,,,,,,
90.0,2013-11-23,Piper's Creek,1450,dead,chum,,adult,male,yes,spawned,yes,,2013,72.0,32.0,6.0,gravel,scanned,salmon_2013_scanned_raw.csv,,,,,,,,,,,
91.0,2013-11-23,Piper's Creek,1500,remnant,chum,,adult,female,yes,uk,uk,,2013,72.0,,,gravel,scanned,salmon_2013_scanned_raw.csv,,,,,,,,,,,
92.0,2013-11-23,Piper's Creek,1500,live,chum,,adult,female,uk,uk,no,,2013,,,,gravel,scanned,salmon_2013_scanned_raw.csv,,,,,,,,,,,
93.0,2013-11-23,Piper's Creek,1500,live,chum,,adult,female,uk,uk,no,,2013,,,,gravel,scanned,salmon_2013_scanned_raw.csv,,,,,,,,,,,
94.0,2013-11-23,Piper's Creek,1500,live,chum,,adult,male,uk,uk,no,,2013,,,,gravel,scanned,salmon_2013_scanned_raw.csv,,,,,,,,,,,
95.0,2013-11-23,Piper's Creek,1500,live,chum,,adult,female,uk,uk,no,,2013,,,,gravel,scanned,salmon_2013_scanned_raw.csv,,,,,,,,,,,
96.0,2013-11-23,Piper's Creek,1500,live,chum,,adult,female,uk,uk,no,,2013,,,,,scanned,salmon_2013_scanned_raw.csv,,,,,,,,,,,
97.0,2013-11-23,Piper's Creek,1500,live,chum,,adult,female,uk,uk,no,,2013,,,,,scanned,salmon_2013_scanned_raw.csv,,,,,,,,,,,
98.0,2013-11-23,Piper's Creek,1550,live,chum,,adult,male,uk,uk,no,,2013,,,,gravel,scanned,salmon_2013_scanned_raw.csv,,,,,,,,,,,
99.0,2013-11-23,Piper's Creek,1550,live,chum,,adult,male,uk,uk,no,,2013,,,,gravel,scanned,salmon_2013_scanned_raw.csv,,,,,,,,,,,
100.0,2013-11-23,Piper's Creek,1550,dead,chum,,adult,male,yes,unspawned,yes,,2013,48.0,29.0,5.0,gravel,scanned,salmon_2013_scanned_raw.csv,,,,,,,,,,,
101.0,2013-11-23,Piper's Creek,1550,dead,chum,,adult,male,yes,unspawned,yes,,2013,48.0,28.0,7.5,gravel,scanned,salmon_2013_scanned_raw.csv,,,,,,,,,,,
102.0,2013-11-23,Piper's Creek,1575,dead,chum,,adult,female,yes,uk,uk,,2013,72.0,24.0,4.0,riffle,scanned,salmon_2013_scanned_raw.csv,,,,,,,,,,,
103.0,2013-11-23,Piper's Creek,1575,remnant,chum,,adult,female,yes,uk,uk,,2013,,,,riffle,scanned,salmon_2013_scanned_raw.csv,,,,,,,,,,,
104.0,2013-11-23,Piper's Creek,1575,remnant,chum,,adult,male,yes,uk,uk,,2013,,,,riffle,scanned,salmon_2013_scanned_raw.csv,,,,,,,,,,,
105.0,2013-11-23,Piper's Creek,1600,remnant,chum,,adult,male,yes,uk,yes,,2013,72.0,38.0,7.0,riffle,scanned,salmon_2013_scanned_raw.csv,,,,,,,,,,,
106.0,2013-11-23,Piper's Creek,1600,live,chum,,adult,male,uk,uk,no,,2013,,,,gravel,scanned,salmon_2013_scanned_raw.csv,,,,,,,,,,,
107.0,2013-11-23,Piper's Creek,1650,live,chum,,adult,male,uk,uk,no,,2013,,,,gravel,scanned,salmon_2013_scanned_raw.csv,,,,,,,,,,,
108.0,2013-11-23,Piper's Creek,1650,live,chum,,adult,female,uk,uk,no,,2013,72.0,,,gravel,scanned,salmon_2013_scanned_raw.csv,,,,,,,,,,,
109.0,2013-11-23,Piper's Creek,1650,remnant,chum,,adult,female,uk,uk,yes,,2013,72.0,,,riffle,scanned,salmon_2013_scanned_raw.csv,,,,,,,,,,,
110.0,2013-11-23,Piper's Creek,1650,remnant,chum,,adult,female,uk,uk,yes,,2013,72.0,,,riffle,scanned,salmon_2013_scanned_raw.csv,,,,,,,,,,,
111.0,2013-11-23,Piper's Creek,1650,dead,chum,,adult,female,uk,uk,uk,,2013,48.0,,,riffle,scanned,salmon_2013_scanned_raw.csv,,,,,,,,,,,
112.0,2013-11-23,Piper's Creek,1650,live,chum,,adult,female,uk,uk,no,,2013,,,,riffle,scanned,salmon_2013_scanned_raw.csv,,,,,,,,,,,
113.0,2013-11-23,Piper's Creek,1650,live,chum,,adult,uk,uk,uk,no,,2013,,,,riffle,scanned,salmon_2013_scanned_raw.csv,,,,,,,,,,,
114.0,2013-11-23,Piper's Creek,1650,live,chum,,adult,uk,uk,uk,no,,2013,,,,riffle,scanned,salmon_2013_scanned_raw.csv,,,,,,,,,,,
115.0,2013-11-23,Piper's Creek,1650,live,chum,,adult,male,uk,uk,no,,2013,,,,,scanned,salmon_2013_scanned_raw.csv,,,,,,,,,,,
116.0,2013-11-23,Piper's Creek,1650,live,chum,,adult,male,uk,uk,no,,2013,,,,riffle,scanned,salmon_2013_scanned_raw.csv,,,,,,,,,,,
117.0,2013-11-23,Piper's Creek,1700,dead,chum,,adult,female,yes,spawned,yes,,2013,48.0,24.0,5.0,riffle,scanned,salmon_2013_scanned_raw.csv,,,,,,,,,,,
118.0,2013-11-23,Piper's Creek,1700,dead,chum,,adult,female,yes,spawned,yes,,2013,48.0,24.5,5.0,riffle,scanned,salmon_2013_scanned_raw.csv,,,,,,,,,,,
119.0,2013-11-23,Piper's Creek,1700,dead,chum,,adult,female,yes,spawned,yes,,2013,48.0,25.0,4.0,riffle,scanned,salmon_2013_scanned_raw.csv,,,,,,,,,,,
120.0,2013-11-23,Piper's Creek,1750,dead,chum,,adult,male,yes,unspawned,no,,2013,72.0,27.0,7.0,riffle,scanned,salmon_2013_scanned_raw.csv,,,,,,,,,,,
121.0,2013-11-23,Piper's Creek,1750,dead,chum,,adult,female,yes,unspawned,yes,,2013,72.0,25.0,5.0,gravel,scanned,salmon_2013_scanned_raw.csv,,,,,,,,,,,
122.0,2013-11-23,Piper's Creek,1750,dead,chum,,adult,female,yes,unspawned,yes,,2013,72.0,24.0,4.5,gravel,scanned,salmon_2013_scanned_raw.csv,,,,,,,,,,,
123.0,2013-11-23,Piper's Creek,1750,dead,chum,,adult,female,yes,unspawned,yes,,2013,72.0,24.0,4.5,gravel,scanned,salmon_2013_scanned_raw.csv,,,,,,,,,,,
124.0,2013-11-23,Piper's Creek,1750,dead,chum,,adult,female,yes,spawned,yes,,2013,48.0,24.0,5.0,gravel,scanned,salmon_2013_scanned_raw.csv,,,,,,,,,,,
125.0,2013-11-23,Piper's Creek,1800,dead,chum,,adult,female,yes,spawned,yes,,2013,72.0,24.0,5.0,gravel,scanned,salmon_2013_scanned_raw.csv,,,,,,,,,,,
126.0,2013-11-23,Piper's Creek,1800,dead,chum,,adult,male,yes,spawned,no,,2013,72.0,25.0,5.0,gravel,scanned,salmon_2013_scanned_raw.csv,,,,,,,,,,,
127.0,2013-11-23,Piper's Creek,1800,live,chum,,adult,female,yes,unknown,no,,2013,,,,riffle,scanned,salmon_2013_scanned_raw.csv,,,,,,,,,,,
128.0,2013-11-23,Piper's Creek,1800,dead,chum,,adult,male,yes,unspawned,no,,2013,48.0,30.0,6.5,riffle,scanned,salmon_2013_scanned_raw.csv,,,,,,,,,,,
129.0,2013-11-23,Piper's Creek,1850,live,chum,,adult,female,unknown,unknown,unk,,2013,,,,riffle,scanned,salmon_2013_scanned_raw.csv,,,,,,,,,,,
130.0,2013-11-23,Piper's Creek,1850,dead,chum,,adult,female,yes,spawned,yes,,2013,72.0,24.0,4.0,riffle,scanned,salmon_2013_scanned_raw.csv,,,,,,,,,,,
131.0,2013-11-23,Piper's Creek,1850,dead,chum,,adult,female,yes,spawned,yes,,2013,72.0,24.0,4.0,riffle,scanned,salmon_2013_scanned_raw.csv,,,,,,,,,,,
132.0,2013-11-23,Piper's Creek,1900,live,chum,,adult,male,unknown,unknown,,,2013,,,,,scanned,salmon_2013_scanned_raw.csv,,,,,,,,,,,
133.0,2013-11-23,Piper's Creek,1900,live,chum,,adult,male,unknown,unknown,,,2013,,,,,scanned,salmon_2013_scanned_raw.csv,,,,,,,,,,,
134.0,2013-11-23,Piper's Creek,1900,live,chum,,adult,male,unknown,unknown,,,2013,,,,,scanned,salmon_2013_scanned_raw.csv,,,,,,,,,,,
135.0,2013-11-23,Piper's Creek,1900,live,chum,,adult,female,unknown,unknown,,,2013,,,,,scanned,salmon_2013_scanned_raw.csv,,,,,,,,,,,
136.0,2013-11-23,Piper's Creek,1900,live,chum,,adult,female,unknown,unknown,,,2013,,,,,scanned,salmon_2013_scanned_raw.csv,,,,,,,,,,,
137.0,2013-11-23,Piper's Creek,1900,dead,chum,,adult,male,yes,partially spawned,yes,,2013,48.0,27.0,5.0,,scanned,salmon_2013_scanned_raw.csv,,,,,,,,,,,
138.0,2013-11-23,Piper's Creek,1950,live,chum,,adult,male,unknown,unknown,,,2013,,,,,scanned,salmon_2013_scanned_raw.csv,,,,,,,,,,,
139.0,2013-11-23,Piper's Creek,1950,live,chum,,adult,male,unknown,unknown,,,2013,,,,,scanned,salmon_2013_scanned_raw.csv,,,,,,,,,,,
140.0,2013-11-23,Piper's Creek,1950,live,chum,,adult,female,unknown,unknown,,,2013,,,,,scanned,salmon_2013_scanned_raw.csv,,,,,,,,,,,
141.0,2013-11-23,Piper's Creek,1950,dead,chum,,adult,female,yes,spawned,yes,,2013,48.0,,,,scanned,salmon_2013_scanned_raw.csv,,,,,,,,,,,
142.0,2013-11-23,Piper's Creek,1950,live,chum,,adult,female,unknown,unknown,,,2013,,,,,scanned,salmon_2013_scanned_raw.csv,,,,,,,,,,,
143.0,2013-11-23,Piper's Creek,1950,live,chum,,adult,female,unknown,unknown,,,2013,,,,,scanned,salmon_2013_scanned_raw.csv,,,,,,,,,,,
144.0,2013-11-23,Piper's Creek,1950,live,chum,,adult,female,unknown,unknown,,,2013,,,,,scanned,salmon_2013_scanned_raw.csv,,,,,,,,,,,
145.0,2013-11-23,Piper's Creek,1950,live,chum,,adult,female,unknown,unknown,,,2013,,,,,scanned,salmon_2013_scanned_raw.csv,,,,,,,,,,,
146.0,2013-11-23,Piper's Creek,1950,live,chum,,adult,female,unknown,unknown,,,2013,,,,,scanned,salmon_2013_scanned_raw.csv,,,,,,,,,,,
147.0,2013-11-23,Piper's Creek,1950,live,chum,,adult,female,unknown,unknown,,,2013,,,,,scanned,salmon_2013_scanned_raw.csv,,,,,,,,,,,
148.0,2013-11-23,Piper's Creek,1950,live,chum,,adult,female,unknown,unknown,,,2013,,,,,scanned,salmon_2013_scanned_raw.csv,,,,,,,,,,,
149.0,2013-11-23,Piper's Creek,1950,dead,chum,,adult,male,yes,unspawned,no,,2013,24.0,24.0,4.0,,scanned,salmon_2013_scanned_raw.csv,,,,,,,,,,,
150.0,2013-11-23,Piper's Creek,1975,live,chum,,adult,female,unknown,unspawned,,,2013,,,,,scanned,salmon_2013_scanned_raw.csv,,,,,,,,,,,
151.0,2013-11-23,Piper's Creek,1975,live,chum,,adult,female,unknown,unknown,,,2013,,,,,scanned,salmon_2013_scanned_raw.csv,,,,,,,,,,,
152.0,2013-11-23,Piper's Creek,1975,dead,chum,,adult,male,yes,unspawned,no,,2013,48.0,24.0,4.0,,scanned,salmon_2013_scanned_raw.csv,,,,,,,,,,,
153.0,2013-11-23,Piper's Creek,1975,live,chum,,adult,female,unknown,unknown,,,2013,,,,,scanned,salmon_2013_scanned_raw.csv,,,,,,,,,,,
154.0,2013-11-23,Piper's Creek,1975,live,chum,,adult,female,unknown,unknown,,,2013,,,,,scanned,salmon_2013_scanned_raw.csv,,,,,,,,,,,
155.0,2013-11-23,Piper's Creek,2000,live,chum,,adult,female,unknown,unknown,,,2013,,,,,scanned,salmon_2013_scanned_raw.csv,,,,,,,,,,,
156.0,2013-11-23,Piper's Creek,2000,live,chum,,adult,female,unknown,unknown,,,2013,,,,,scanned,salmon_2013_scanned_raw.csv,,,,,,,,,,,
157.0,2013-11-23,Piper's Creek,2000,live,chum,,adult,female,unknown,unknown,,,2013,,,,,scanned,salmon_2013_scanned_raw.csv,,,,,,,,,,,
158.0,2013-11-23,Piper's Creek,2000,live,chum,,adult,female,unknown,unknown,,,2013,,,,,scanned,salmon_2013_scanned_raw.csv,,,,,,,,,,,
159.0,2013-11-23,Piper's Creek,2000,live,chum,,adult,female,unknown,unknown,,,2013,,,,,scanned,salmon_2013_scanned_raw.csv,,,,,,,,,,,
160.0,2013-11-23,Piper's Creek,2000,live,chum,,adult,female,unknown,unknown,,,2013,,,,,scanned,salmon_2013_scanned_raw.csv,,,,,,,,,,,
161.0,2013-11-23,Piper's Creek,2000,live,chum,,adult,female,unknown,unknown,,,2013,,,,,scanned,salmon_2013_scanned_raw.csv,,,,,,,,,,,
162.0,2013-11-23,Piper's Creek,2000,live,chum,,adult,female,unknown,unknown,,,2013,,,,,scanned,salmon_2013_scanned_raw.csv,,,,,,,,,,,
163.0,2013-11-23,Piper's Creek,2000,live,chum,,adult,female,unknown,unknown,,,2013,,,,,scanned,salmon_2013_scanned_raw.csv,,,,,,,,,,,
164.0,2013-11-23,Piper's Creek,2000,live,chum,,adult,female,unknown,unknown,,,2013,,,,,scanned,salmon_2013_scanned_raw.csv,,,,,,,,,,,
165.0,2013-11-23,Piper's Creek,2000,live,chum,,adult,female,unknown,unknown,,,2013,,,,,scanned,salmon_2013_scanned_raw.csv,,,,,,,,,,,
166.0,2013-11-23,Piper's Creek,2000,live,chum,,adult,female,unknown,unknown,,,2013,,,,,scanned,salmon_2013_scanned_raw.csv,,,,,,,,,,,
167.0,2013-11-23,Piper's Creek,2000,live,chum,,adult,female,unknown,unknown,,,2013,,,,,scanned,salmon_2013_scanned_raw.csv,,,,,,,,,,,
168.0,2013-11-23,Piper's Creek,2000,live,chum,,adult,female,unknown,unknown,,,2013,,,,,scanned,salmon_2013_scanned_raw.csv,,,,,,,,,,,
169.0,2013-11-23,Piper's Creek,2000,live,chum,,adult,female,unknown,unknown,,,2013,,,,,scanned,salmon_2013_scanned_raw.csv,,,,,,,,,,,
170.0,2013-11-23,Piper's Creek,2000,live,chum,,adult,female,unknown,unknown,,,2013,,,,,scanned,salmon_2013_scanned_raw.csv,,,,,,,,,,,
171.0,2013-11-23,Piper's Creek,2000,live,chum,,adult,female,unknown,unknown,,,2013,,,,,scanned,salmon_2013_scanned_raw.csv,,,,,,,,,,,
172.0,2013-11-23,Piper's Creek,2000,live,chum,,adult,female,unknown,unknown,,,2013,,,,,scanned,salmon_2013_scanned_raw.csv,,,,,,,,,,,
173.0,2013-11-23,Piper's Creek,2000,live,chum,,adult,female,unknown,unknown,,,2013,,,,,scanned,salmon_2013_scanned_raw.csv,,,,,,,,,,,
174.0,2013-11-23,Piper's Creek,2000,live,chum,,adult,female,unknown,unknown,,,2013,,,,,scanned,salmon_2013_scanned_raw.csv,,,,,,,,,,,
175.0,2013-11-23,Piper's Creek,2000,live,chum,,adult,female,unknown,unknown,,,2013,,,,,scanned,salmon_2013_scanned_raw.csv,,,,,,,,,,,
176.0,2013-11-23,Piper's Creek,2000,live,chum,,adult,female,unknown,unknown,,,2013,,,,,scanned,salmon_2013_scanned_raw.csv,,,,,,,,,,,
177.0,2013-11-23,Piper's Creek,2000,live,chum,,adult,female,unknown,unknown,,,2013,,,,,scanned,salmon_2013_scanned_raw.csv,,,,,,,,,,,
178.0,2013-11-23,Piper's Creek,2000,live,chum,,adult,female,unknown,unknown,,,2013,,,,,scanned,salmon_2013_scanned_raw.csv,,,,,,,,,,,
179.0,2013-11-23,Piper's Creek,2000,live,chum,,adult,female,unknown,unknown,,,2013,,,,,scanned,salmon_2013_scanned_raw.csv,,,,,,,,,,,
180.0,2013-11-23,Piper's Creek,2000,live,chum,,adult,female,unknown,unknown,,,2013,,,,,scanned,salmon_2013_scanned_raw.csv,,,,,,,,,,,
181.0,2013-11-23,Piper's Creek,2000,live,chum,,adult,male,unknown,unknown,,,2013,,,,,scanned,salmon_2013_scanned_raw.csv,,,,,,,,,,,
182.0,2013-11-23,Venema Creek,100,dead,chum,,adult,male,yes,spawned,yes,,2013,72.0,24.0,5.0,,scanned,salmon_2013_scanned_raw.csv,,,,,,,,,,,
183.0,2013-11-23,Venema Creek,100,dead,chum,,adult,male,yes,unspawned,yes,,2013,48.0,25.0,5.0,,scanned,salmon_2013_scanned_raw.csv,,,,,,,,,,,
184.0,2013-11-23,Venema Creek,100,dead,chum,,adult,male,yes,unknown,,,2013,72.0,,,,scanned,salmon_2013_scanned_raw.csv,,,,,,,,,,,
185.0,2013-11-23,Venema Creek,150,dead,chum,,adult,male,yes,unknown,unk,,2013,72.0,,,,scanned,salmon_2013_scanned_raw.csv,,,,,,,,,,,
186.0,2013-11-23,Venema Creek,150,dead,chum,,adult,male,yes,unknown,yes,,2013,72.0,,,,scanned,salmon_2013_scanned_raw.csv,,,,,,,,,,,
187.0,2013-11-23,Venema Creek,200,dead,chum,,adult,female,yes,partially spawned,yes,,2013,48.0,24.0,4.0,,scanned,salmon_2013_scanned_raw.csv,,,,,,,,,,,
188.0,2013-11-23,Venema Creek,200,dead,chum,,adult,female,yes,spawned,no,,2013,24.0,24.0,4.0,,scanned,salmon_2013_scanned_raw.csv,,,,,,,,,,,
189.0,2013-11-23,Venema Creek,200,dead,chum,,adult,female,yes,spawned,no,,2013,24.0,24.0,4.0,,scanned,salmon_2013_scanned_raw.csv,,,,,,,,,,,
190.0,2013-11-23,Venema Creek,200,dead,coho,,adult,female,yes,unspawned,no,,2013,24.0,24.0,4.0,,scanned,salmon_2013_scanned_raw.csv,,,,,,,,,,,
191.0,2013-11-23,Venema Creek,200,dead,chum,,adult,female,yes,unspawned,yes,,2013,24.0,24.0,4.5,,scanned,salmon_2013_scanned_raw.csv,,,,,,,,,,,
192.0,2013-11-23,Venema Creek,200,dead,chum,,adult,male,yes,unspawned,yes,,2013,48.0,27.0,7.0,,scanned,salmon_2013_scanned_raw.csv,,,,,,,,,,,
193.0,2013-11-23,Venema Creek,200,dead,chum,,adult,female,yes,spawned,yes,,2013,48.0,23.0,4.0,,scanned,salmon_2013_scanned_raw.csv,,,,,,,,,,,
194.0,2013-11-23,Venema Creek,200,dead,chum,,adult,male,yes,partially spawned,no,,2013,48.0,30.0,6.0,,scanned,salmon_2013_scanned_raw.csv,,,,,,,,,,,
195.0,2013-11-23,,,dead,chum,,,female,yes,unspawned,yes,,2013,48.0,,,,scanned,salmon_2013_scanned_raw.csv,,,,,,,,,,,
196.0,2013-11-23,Venema Creek,250,dead,chum,,adult,female,yes,unspawned,yes,,2013,48.0,27.0,5.5,,scanned,salmon_2013_scanned_raw.csv,,,,,,,,,,,
197.0,2013-11-23,Venema Creek,250,dead,chum,,adult,male,yes,unspawned,yes,,2013,48.0,24.0,5.5,,scanned,salmon_2013_scanned_raw.csv,,,,,,,,,,,
198.0,2013-11-23,Venema Creek,250,dead,chum,,adult,male,yes,unspawned,yes,,2013,48.0,23.0,4.0,,scanned,salmon_2013_scanned_raw.csv,,,,,,,,,,,
199.0,2013-11-23,Venema Creek,250,dead,chum,,adult,male,yes,unspawned,yes,,2013,48.0,26.0,6.0,,scanned,salmon_2013_scanned_raw.csv,,,,,,,,,,,
200.0,2013-11-23,Venema Creek,250,dead,chum,,adult,female,yes,spawned,yes,,2013,48.0,24.0,5.0,,scanned,salmon_2013_scanned_raw.csv,,,,,,,,,,,
201.0,2013-11-23,Venema Creek,250,remnant,chum,,adult,male,yes,unspawned,yes,,2013,48.0,28.0,7.0,,scanned,salmon_2013_scanned_raw.csv,,,,,,,,,,,
202.0,2013-11-23,Venema Creek,250,dead,chum,,adult,female,yes,unspawned,no,,2013,48.0,27.0,5.0,,scanned,salmon_2013_scanned_raw.csv,,,,,,,,,,,
203.0,2013-11-23,Venema Creek,250,dead,chum,,adult,male,yes,spawned,yes,,2013,48.0,26.0,6.0,,scanned,salmon_2013_scanned_raw.csv,,,,,,,,,,,
204.0,2013-11-23,Venema Creek,250,dead,chum,,adult,female,yes,spawned,yes,,2013,48.0,28.0,6.0,,scanned,salmon_2013_scanned_raw.csv,,,,,,,,,,,
205.0,2013-11-23,Venema Creek,250,remnant,chum,,adult,male,yes,unspawned,no,,2013,48.0,27.0,6.0,,scanned,salmon_2013_scanned_raw.csv,,,,,,,,,,,
206.0,2013-11-23,Venema Creek,250,dead,chum,,adult,female,yes,spawned,yes,,2013,48.0,22.0,4.0,,scanned,salmon_2013_scanned_raw.csv,,,,,,,,,,,
207.0,2013-11-23,Venema Creek,250,dead,chum,,adult,female,yes,spawned,yes,,2013,48.0,24.0,5.0,,scanned,salmon_2013_scanned_raw.csv,,,,,,,,,,,
208.0,2013-11-23,Venema Creek,250,dead,chum,,adult,male,yes,unspawned,yes,,2013,48.0,27.0,6.0,,scanned,salmon_2013_scanned_raw.csv,,,,,,,,,,,
209.0,2013-11-23,Venema Creek,250,dead,chum,,adult,male,yes,unspawned,yes,,2013,48.0,31.0,7.0,,scanned,salmon_2013_scanned_raw.csv,,,,,,,,,,,
1.0,2013-11-30,Piper's Creek,,dead,chum,,adult,male,yes,spawned,yes,,2013,72.0,32.0,8.0,,scanned,salmon_2013_scanned_raw.csv,,,,,,,,,,,
2.0,2013-11-30,Piper's Creek,,dead,chum,,adult,male,yes,partially spawned,yes,I55 UH (ML/AC 2026: unsure of meaning),2013,72.0,24.0,5.0,,scanned,salmon_2013_scanned_raw.csv,,,,,,,,,,,
3.0,2013-11-30,Piper's Creek,,dead,chum,,adult,male,yes,spawned,yes,,2013,72.0,27.0,6.0,,scanned,salmon_2013_scanned_raw.csv,,,,,,,,,,,
4.0,2013-11-30,Piper's Creek,,dead,chum,,adult,male,yes,partially spawned,yes,,2013,72.0,25.0,6.0,,scanned,salmon_2013_scanned_raw.csv,,,,,,,,,,,
5.0,2013-11-30,Piper's Creek,,remnant,chum,,adult,male,yes,unknown,yes,,2013,72.0,30.0,7.0,,scanned,salmon_2013_scanned_raw.csv,,,,,,,,,,,
6.0,2013-11-30,Piper's Creek,,remnant,chum,,adult,,yes,unknown,yes,,2013,,,,,scanned,salmon_2013_scanned_raw.csv,,,,,,,,,,,
7.0,2013-11-30,Piper's Creek,,dead,chum,,adult,male,yes,partially spawned,yes,,2013,72.0,29.0,7.0,,scanned,salmon_2013_scanned_raw.csv,,,,,,,,,,,
8.0,2013-11-30,Piper's Creek,,dead,chum,,adult,male,yes,partially spawned,yes,,2013,72.0,24.0,6.0,,scanned,salmon_2013_scanned_raw.csv,,,,,,,,,,,
9.0,2013-11-30,Piper's Creek,,live,unknown,,unk,unk,unknown,,,culvert,2013,,,,,scanned,salmon_2013_scanned_raw.csv,,,,,,,,,,,
10.0,2013-11-30,Piper's Creek,,dead,chum,,adult,male,yes,unknown,yes,,2013,72.0,27.0,6.0,,scanned,salmon_2013_scanned_raw.csv,,,,,,,,,,,
11.0,2013-11-30,Piper's Creek,,dead,chum,,adult,male,yes,partially spawned,yes,,2013,72.0,28.0,7.0,,scanned,salmon_2013_scanned_raw.csv,,,,,,,,,,,
12.0,2013-11-30,Piper's Creek,,dead,chum,,adult,female,yes,spawned,yes,,2013,72.0,28.0,5.0,,scanned,salmon_2013_scanned_raw.csv,,,,,,,,,,,
13.0,2013-11-30,Piper's Creek,100,dead,chum,,adult,male,yes,n,yes,,2013,48.0,25.0,6.0,,scanned,salmon_2013_scanned_raw.csv,,,,,,,,,,,
14.0,2013-11-30,Piper's Creek,100,dead,chum,,adult,female,yes,spawned,yes,,2013,72.0,27.0,6.0,,scanned,salmon_2013_scanned_raw.csv,,,,,,,,,,,
15.0,2013-11-30,Piper's Creek,200,dead,chum,,adult,female,yes,spawned,yes,,2013,72.0,22.0,4.5,,scanned,salmon_2013_scanned_raw.csv,,,,,,,,,,,
16.0,2013-11-30,Piper's Creek,200,dead,chum,,adult,male,yes,partially spawned,yes,,2013,72.0,26.0,6.0,,scanned,salmon_2013_scanned_raw.csv,,,,,,,,,,,
17.0,2013-11-30,Piper's Creek,250,dead,chum,,adult,male,yes,partially spawned,yes,,2013,72.0,28.0,6.5,,scanned,salmon_2013_scanned_raw.csv,,,,,,,,,,,
18.0,2013-11-30,Piper's Creek,250,dead,chum,,adult,male,yes,partially spawned,yes,,2013,72.0,25.0,5.0,,scanned,salmon_2013_scanned_raw.csv,,,,,,,,,,,
19.0,2013-11-30,Piper's Creek,300,dead,chum,,adult,female,yes,spawned,yes,,2013,72.0,27.0,6.0,,scanned,salmon_2013_scanned_raw.csv,,,,,,,,,,,
20.0,2013-11-30,Piper's Creek,300,remnant,chum,,adult,male,yes,unknown,yes,,2013,,27.0,6.0,,scanned,salmon_2013_scanned_raw.csv,,,,,,,,,,,
21.0,2013-11-30,Piper's Creek,350,dead,chum,,adult,male,yes,spawned,yes,,2013,72.0,28.0,6.0,,scanned,salmon_2013_scanned_raw.csv,,,,,,,,,,,
22.0,2013-11-30,Piper's Creek,400,dead,chum,,adult,male,,partially spawned,yes,,2013,72.0,29.0,6.5,,scanned,salmon_2013_scanned_raw.csv,,,,,,,,,,,
23.0,2013-11-30,Piper's Creek,400,live,chum,,adult,female,unknown,unknown,,,2013,,,,,scanned,salmon_2013_scanned_raw.csv,,,,,,,,,,,
24.0,2013-11-30,Piper's Creek,500,dead,chum,,adult,male,yes,partially spawned,yes,,2013,72.0,25.0,6.0,,scanned,salmon_2013_scanned_raw.csv,,,,,,,,,,,
25.0,2013-11-30,Piper's Creek,500,dead,chum,,adult,male,yes,spawned,yes,,2013,72.0,28.0,6.0,,scanned,salmon_2013_scanned_raw.csv,,,,,,,,,,,
26.0,2013-11-30,Piper's Creek,500,dead,chum,,adult,male,yes,spawned,yes,,2013,72.0,27.0,6.0,,scanned,salmon_2013_scanned_raw.csv,,,,,,,,,,,
27.0,2013-11-30,Piper's Creek,500,dead,chum,,adult,female,yes,spawned,yes,,2013,72.0,25.0,5.0,,scanned,salmon_2013_scanned_raw.csv,,,,,,,,,,,
28.0,2013-11-30,Piper's Creek,500,live,chum,,adult,unk,unknown,unknown,unk,,2013,,,,,scanned,salmon_2013_scanned_raw.csv,,,,,,,,,,,
29.0,2013-11-30,Piper's Creek,700,dead,chum,,adult,male,yes,partially spawned,yes,,2013,72.0,24.0,5.5,,scanned,salmon_2013_scanned_raw.csv,,,,,,,,,,,
30.0,2013-11-30,Piper's Creek,700,remnant,chum,,adult,female,yes,spawned,yes,,2013,72.0,21.0,4.5,,scanned,salmon_2013_scanned_raw.csv,,,,,,,,,,,
31.0,2013-11-30,Piper's Creek,700,dead,chum,,adult,female,yes,spawned,yes,,2013,72.0,21.0,4.5,,scanned,salmon_2013_scanned_raw.csv,,,,,,,,,,,
32.0,2013-11-30,Piper's Creek,750,dead,chum,,adult,female,yes,unknown,yes,,2013,72.0,,,,scanned,salmon_2013_scanned_raw.csv,,,,,,,,,,,
33.0,2013-11-30,Piper's Creek,800,dead,chum,,adult,male,yes,partially spawned,yes,,2013,72.0,23.0,5.5,,scanned,salmon_2013_scanned_raw.csv,,,,,,,,,,,
34.0,2013-11-30,Piper's Creek,800,dead,chum,,adult,male,yes,unknown,unk,,2013,72.0,25.0,6.0,,scanned,salmon_2013_scanned_raw.csv,,,,,,,,,,,
35.0,2013-11-30,Piper's Creek,850,dead,chum,,adult,male,yes,partially spawned,yes,,2013,72.0,25.0,6.0,,scanned,salmon_2013_scanned_raw.csv,,,,,,,,,,,
36.0,2013-11-30,Piper's Creek,850,dead,chum,,adult,female,yes,,,,2013,72.0,,,,scanned,salmon_2013_scanned_raw.csv,,,,,,,,,,,
37.0,2013-11-30,Piper's Creek,850,dead,chum,,adult,female,yes,spawned,yes,,2013,72.0,23.0,5.0,,scanned,salmon_2013_scanned_raw.csv,,,,,,,,,,,
38.0,2013-11-30,Piper's Creek,850,dead,chum,,adult,male,yes,spawned,yes,,2013,72.0,29.0,7.0,,scanned,salmon_2013_scanned_raw.csv,,,,,,,,,,,
39.0,2013-11-30,Piper's Creek,850,dead,chum,,adult,female,yes,unknown,yes,,2013,72.0,,,,scanned,salmon_2013_scanned_raw.csv,,,,,,,,,,,
40.0,2013-11-30,Piper's Creek,850,dead,chum,,adult,female,yes,spawned,yes,,2013,72.0,21.0,4.0,,scanned,salmon_2013_scanned_raw.csv,,,,,,,,,,,
41.0,2013-11-30,Piper's Creek,850,dead,chum,,adult,male,yes,spawned,yes,,2013,72.0,23.0,5.0,,scanned,salmon_2013_scanned_raw.csv,,,,,,,,,,,
42.0,2013-11-30,Piper's Creek,900,dead,chum,,adult,female,yes,spawned,yes,,2013,72.0,24.0,5.0,,scanned,salmon_2013_scanned_raw.csv,,,,,,,,,,,
43.0,2013-11-30,Piper's Creek,900,dead,chum,,adult,female,yes,spawned,yes,,2013,72.0,22.0,4.5,,scanned,salmon_2013_scanned_raw.csv,,,,,,,,,,,
44.0,2013-11-30,Piper's Creek,900,dead,chum,,adult,male,yes,partially spawned,yes,,2013,72.0,29.0,7.0,,scanned,salmon_2013_scanned_raw.csv,,,,,,,,,,,
45.0,2013-11-30,Piper's Creek,900,dead,chum,,adult,female,yes,spawned,,,2013,72.0,25.0,5.0,,scanned,salmon_2013_scanned_raw.csv,,,,,,,,,,,
46.0,2013-11-30,Piper's Creek,950,dead,chum,,adult,male,yes,spawned,yes,,2013,72.0,29.0,6.0,,scanned,salmon_2013_scanned_raw.csv,,,,,,,,,,,
47.0,2013-11-30,Piper's Creek,950,dead,chum,,adult,male,yes,partially spawned,yes,,2013,72.0,28.0,6.0,,scanned,salmon_2013_scanned_raw.csv,,,,,,,,,,,
48.0,2013-11-30,Piper's Creek,950,dead,chum,,adult,female,yes,spawned,yes,,2013,72.0,22.0,5.0,,scanned,salmon_2013_scanned_raw.csv,,,,,,,,,,,
49.0,2013-11-30,Piper's Creek,950,remnant,chum,,adult,male,,,,,2013,72.0,,,,scanned,salmon_2013_scanned_raw.csv,,,,,,,,,,,
50.0,2013-11-30,Piper's Creek,950,dead,chum,,adult,male,yes,partially spawned,yes,,2013,72.0,24.0,6.0,,scanned,salmon_2013_scanned_raw.csv,,,,,,,,,,,
51.0,2013-11-30,Piper's Creek,1000,dead,chum,,adult,male,yes,unknown,,,2013,72.0,23.0,4.0,,scanned,salmon_2013_scanned_raw.csv,,,,,,,,,,,
52.0,2013-11-30,Piper's Creek,1000,remnant,chum,,adult,male,unknown,unknown,unk,,2013,72.0,,,,scanned,salmon_2013_scanned_raw.csv,,,,,,,,,,,
53.0,2013-11-30,Piper's Creek,1000,dead,chum,,adult,female,,spawned,yes,,2013,72.0,22.0,4.0,,scanned,salmon_2013_scanned_raw.csv,,,,,,,,,,,
54.0,2013-11-30,Piper's Creek,1000,dead,chum,,adult,male,,partially spawned,,,2013,72.0,26.0,7.0,,scanned,salmon_2013_scanned_raw.csv,,,,,,,,,,,
55.0,2013-11-30,Piper's Creek,1000,dead,chum,,adult,female,,spawned,yes,,2013,72.0,22.0,4.0,,scanned,salmon_2013_scanned_raw.csv,,,,,,,,,,,
56.0,2013-11-30,Piper's Creek,1000,dead,chum,,adult,female,,spawned,,,2013,72.0,23.0,4.5,,scanned,salmon_2013_scanned_raw.csv,,,,,,,,,,,
57.0,2013-11-30,Piper's Creek,1050,live,chum,,ad,female,unknown,unknown,no,,2013,,,,,scanned,salmon_2013_scanned_raw.csv,,,,,,,,,,,
58.0,2013-11-30,Piper's Creek,1050,dead,chum,,ad,male,yes,partially spawned,yes,,2013,72.0,26.0,5.5,,scanned,salmon_2013_scanned_raw.csv,,,,,,,,,,,
59.0,2013-11-30,Piper's Creek,1100,live,chum,,ad,male,,,,,2013,,,,,scanned,salmon_2013_scanned_raw.csv,,,,,,,,,,,
60.0,2013-11-30,Piper's Creek,1100,dead,chum,,ad,female,yes,unspawned,yes,,2013,72.0,25.0,5.0,,scanned,salmon_2013_scanned_raw.csv,,,,,,,,,,,
61.0,2013-11-30,Piper's Creek,1100,dead,chum,,ad,female,yes,unspawned,yes,,2013,72.0,23.0,5.0,,scanned,salmon_2013_scanned_raw.csv,,,,,,,,,,,
62.0,2013-11-30,Piper's Creek,1150,dead,chum,,ad,female,yes,spawned,yes,,2013,72.0,25.0,5.5,,scanned,salmon_2013_scanned_raw.csv,,,,,,,,,,,
63.0,2013-11-30,Piper's Creek,1150,remnant,coho,,ad,male,unknown,unknown,yes,,2013,72.0,,,,scanned,salmon_2013_scanned_raw.csv,,,,,,,,,,,
64.0,2013-11-30,Piper's Creek,1200,dead,chum,,ad,female,yes,spawned,yes,,2013,72.0,33.0,5.0,,scanned,salmon_2013_scanned_raw.csv,,,,,,,,,,,
65.0,2013-11-30,Piper's Creek,1200,dead,chum,,ad,female,yes,spawned,yes,,2013,72.0,24.0,5.0,,scanned,salmon_2013_scanned_raw.csv,,,,,,,,,,,
66.0,2013-11-30,Piper's Creek,1200,dead,chum,,ad,male,yes,spawned,yes,,2013,72.0,27.0,6.0,,scanned,salmon_2013_scanned_raw.csv,,,,,,,,,,,
67.0,2013-11-30,Piper's Creek,1200,dead,chum,,ad,male,yes,partially spawned,yes,,2013,72.0,24.0,6.0,,scanned,salmon_2013_scanned_raw.csv,,,,,,,,,,,
68.0,2013-11-30,Piper's Creek,1200,live,chum,,ad,female,,unknown,no,,2013,,,,,scanned,salmon_2013_scanned_raw.csv,,,,,,,,,,,
69.0,2013-11-30,Piper's Creek,1250,dead,chum,,ad,female,yes,spawned,yes,,2013,72.0,23.0,5.0,,scanned,salmon_2013_scanned_raw.csv,,,,,,,,,,,
70.0,2013-11-30,Piper's Creek,1250,dead,chum,,ad,female,yes,unspawned,yes,,2013,72.0,22.0,4.0,,scanned,salmon_2013_scanned_raw.csv,,,,,,,,,,,
71.0,2013-11-30,Piper's Creek,1250,dead,chum,,ad,male,yes,spawned,yes,,2013,72.0,30.0,8.0,,scanned,salmon_2013_scanned_raw.csv,,,,,,,,,,,
72.0,2013-11-30,Piper's Creek,1250,dead,chum,,ad,female,yes,spawned,yes,,2013,72.0,25.0,5.0,,scanned,salmon_2013_scanned_raw.csv,,,,,,,,,,,
73.0,2013-11-30,Piper's Creek,1250,dead,chum,,ad,female,yes,spawned,yes,,2013,72.0,24.0,5.0,,scanned,salmon_2013_scanned_raw.csv,,,,,,,,,,,
74.0,2013-11-30,Piper's Creek,1300,dead,chum,,ad,female,yes,spawned,yes,,2013,72.0,24.0,5.0,,scanned,salmon_2013_scanned_raw.csv,,,,,,,,,,,
75.0,2013-11-30,Piper's Creek,1300,dead,chum,,ad,male,yes,partially spawned,yes,,2013,72.0,28.0,8.0,,scanned,salmon_2013_scanned_raw.csv,,,,,,,,,,,
76.0,2013-11-30,Piper's Creek,1350,dead,chum,,ad,female,yes,spawned,yes,,2013,72.0,27.0,6.0,,scanned,salmon_2013_scanned_raw.csv,,,,,,,,,,,
77.0,2013-11-30,Piper's Creek,1400,dead,chum,,ad,female,yes,spawned,yes,,2013,72.0,23.0,5.0,,scanned,salmon_2013_scanned_raw.csv,,,,,,,,,,,
78.0,2013-11-30,Piper's Creek,1400,dead,chum,,ad,female,yes,spawned,yes,,2013,72.0,24.0,6.0,,scanned,salmon_2013_scanned_raw.csv,,,,,,,,,,,
79.0,2013-11-30,Piper's Creek,1400,dead,chum,,ad,male,yes,spawned,yes,,2013,72.0,29.0,8.0,,scanned,salmon_2013_scanned_raw.csv,,,,,,,,,,,
80.0,2013-11-30,Piper's Creek,1400,dead,chum,,ad,female,yes,spawned,yes,,2013,72.0,27.0,6.0,,scanned,salmon_2013_scanned_raw.csv,,,,,,,,,,,
81.0,2013-11-30,Piper's Creek,1450,dead,chum,,ad,female,yes,spawned,yes,,2013,24.0,23.0,5.0,,scanned,salmon_2013_scanned_raw.csv,,,,,,,,,,,
82.0,2013-11-30,Piper's Creek,1450,dead,chum,,ad,female,yes,spawned,yes,,2013,24.0,25.0,5.0,,scanned,salmon_2013_scanned_raw.csv,,,,,,,,,,,
83.0,2013-11-30,Piper's Creek,1450,dead,chum,,ad,female,yes,spawned,yes,,2013,24.0,25.0,5.0,,scanned,salmon_2013_scanned_raw.csv,,,,,,,,,,,
84.0,2013-11-30,Piper's Creek,1450,dead,chum,,ad,female,yes,spawned,yes,,2013,24.0,27.0,6.0,,scanned,salmon_2013_scanned_raw.csv,,,,,,,,,,,
85.0,2013-11-30,Piper's Creek,1450,remnant,chum,,ad,male,yes,unknown,yes,,2013,72.0,,,,scanned,salmon_2013_scanned_raw.csv,,,,,,,,,,,
86.0,2013-11-30,Piper's Creek,1500,remnant,chum,,ad,female,yes,unknown,yes,,2013,72.0,,,,scanned,salmon_2013_scanned_raw.csv,,,,,,,,,,,
87.0,2013-11-30,Piper's Creek,1500,dead,chum,,ad,female,yes,spawned,yes,,2013,72.0,24.0,5.0,,scanned,salmon_2013_scanned_raw.csv,,,,,,,,,,,
88.0,2013-11-30,Piper's Creek,1500,dead,chum,,ad,male,yes,partially spawned,yes,,2013,72.0,27.0,7.0,,scanned,salmon_2013_scanned_raw.csv,,,,,,,,,,,
89.0,2013-11-30,Piper's Creek,1500,dead,chum,,ad,male,yes,partially spawned,yes,,2013,72.0,28.0,8.0,,scanned,salmon_2013_scanned_raw.csv,,,,,,,,,,,
90.0,2013-11-30,Piper's Creek,1600,dead,chum,,ad,male,yes,spawned,yes,,2013,72.0,27.0,7.0,,scanned,salmon_2013_scanned_raw.csv,,,,,,,,,,,
91.0,2013-11-30,Piper's Creek,1600,dead,chum,,ad,male,yes,spawned,yes,,2013,72.0,28.0,6.0,,scanned,salmon_2013_scanned_raw.csv,,,,,,,,,,,
92.0,2013-11-30,Piper's Creek,1600,dead,chum,,ad,male,yes,spawned,yes,,2013,72.0,29.0,8.0,,scanned,salmon_2013_scanned_raw.csv,,,,,,,,,,,
93.0,2013-11-30,Piper's Creek,1600,live,chum,,ad,female,,unknown,,,2013,,,,,scanned,salmon_2013_scanned_raw.csv,,,,,,,,,,,
94.0,2013-11-30,Piper's Creek,1600,live,chum,,ad,male,,unknown,,,2013,,,,,scanned,salmon_2013_scanned_raw.csv,,,,,,,,,,,
95.0,2013-11-30,Piper's Creek,1650,live,chum,,ad,male,yes,unknown,,,2013,,,,,scanned,salmon_2013_scanned_raw.csv,,,,,,,,,,,
96.0,2013-11-30,Piper's Creek,1650,dead,chum,,ad,male,yes,spawned,,,2013,72.0,29.0,7.0,,scanned,salmon_2013_scanned_raw.csv,,,,,,,,,,,
97.0,2013-11-30,Piper's Creek,1650,remnant,chum,,ad,male,,unknown,yes,,2013,72.0,,,,scanned,salmon_2013_scanned_raw.csv,,,,,,,,,,,
98.0,2013-11-30,Piper's Creek,1650,dead,chum,,ad,female,,unknown,,,2013,72.0,,,,scanned,salmon_2013_scanned_raw.csv,,,,,,,,,,,
99.0,2013-11-30,Piper's Creek,1700,dead,chum,,ad,female,yes,spawned,yes,,2013,72.0,25.0,8.0,,scanned,salmon_2013_scanned_raw.csv,,,,,,,,,,,
100.0,2013-11-30,Piper's Creek,1700,remnant,chum,,ad,female,f,unknown,,,2013,72.0,,,,scanned,salmon_2013_scanned_raw.csv,,,,,,,,,,,
101.0,2013-11-30,Piper's Creek,1700,remnant,chum,,ad,female,f,unknown,yes,,2013,72.0,,,,scanned,salmon_2013_scanned_raw.csv,,,,,,,,,,,
102.0,2013-11-30,Piper's Creek,1700,dead,chum,,ad,male,yes,spawned,yes,,2013,72.0,36.0,6.0,,scanned,salmon_2013_scanned_raw.csv,,,,,,,,,,,
103.0,2013-11-30,Piper's Creek,1750,dead,chum,,ad,female,yes,spawned,yes,,2013,72.0,25.0,5.5,,scanned,salmon_2013_scanned_raw.csv,,,,,,,,,,,
104.0,2013-11-30,Piper's Creek,1800,dead,chum,,ad,female,yes,spawned,yes,,2013,72.0,27.0,5.0,,scanned,salmon_2013_scanned_raw.csv,,,,,,,,,,,
105.0,2013-11-30,Piper's Creek,1800,dead,chum,,ad,female,yes,spawned,yes,,2013,72.0,25.0,5.0,,scanned,salmon_2013_scanned_raw.csv,,,,,,,,,,,
106.0,2013-11-30,Piper's Creek,1800,dead,chum,,ad,male,,partially spawned,yes,,2013,72.0,25.0,6.0,,scanned,salmon_2013_scanned_raw.csv,,,,,,,,,,,
107.0,2013-11-30,Piper's Creek,1800,dead,chum,,ad,female,,unspawned,yes,,2013,72.0,27.0,6.0,,scanned,salmon_2013_scanned_raw.csv,,,,,,,,,,,
108.0,2013-11-30,Piper's Creek,1800,dead,chum,,ad,female,,spawned,yes,,2013,72.0,23.0,4.0,,scanned,salmon_2013_scanned_raw.csv,,,,,,,,,,,
109.0,2013-11-30,Piper's Creek,1850,dead,chum,,ad,female,,spawned,yes,,2013,72.0,22.0,5.0,,scanned,salmon_2013_scanned_raw.csv,,,,,,,,,,,
110.0,2013-11-30,Piper's Creek,1850,live,chum,,ad,female,,unknown,,,2013,72.0,,,,scanned,salmon_2013_scanned_raw.csv,,,,,,,,,,,
111.0,2013-11-30,Piper's Creek,1850,remnant,chum,,ad,male,,unknown,yes,,2013,72.0,,,,scanned,salmon_2013_scanned_raw.csv,,,,,,,,,,,
112.0,2013-11-30,Piper's Creek,1850,dead,chum,,ad,female,,spawned,yes,,2013,72.0,28.0,6.0,,scanned,salmon_2013_scanned_raw.csv,,,,,,,,,,,
113.0,2013-11-30,Piper's Creek,1900,dead,chum,,ad,male,yes,unknown,unk,,2013,72.0,25.0,5.0,,scanned,salmon_2013_scanned_raw.csv,,,,,,,,,,,
114.0,2013-11-30,Piper's Creek,1900,remnant,chum,,ad,male,unknown,unknown,,,2013,72.0,,,,scanned,salmon_2013_scanned_raw.csv,,,,,,,,,,,
115.0,2013-11-30,Piper's Creek,1900,live,chum,,ad,female,,unknown,,,2013,,,,,scanned,salmon_2013_scanned_raw.csv,,,,,,,,,,,
116.0,2013-11-30,Piper's Creek,1900,dead,chum,,ad,male,yes,unknown,,,2013,72.0,27.0,6.0,,scanned,salmon_2013_scanned_raw.csv,,,,,,,,,,,
117.0,2013-11-30,Piper's Creek,1900,live,chum,,ad,male,unknown,unknown,,,2013,,,,,scanned,salmon_2013_scanned_raw.csv,,,,,,,,,,,
118.0,2013-11-30,Piper's Creek,1900,dead,chum,,ad,female,yes,spawned,yes,,2013,72.0,24.0,5.0,,scanned,salmon_2013_scanned_raw.csv,,,,,,,,,,,
119.0,2013-11-30,Piper's Creek,1950,dead,chum,,ad,female,yes,spawned,yes,,2013,72.0,27.0,6.0,,scanned,salmon_2013_scanned_raw.csv,,,,,,,,,,,
120.0,2013-11-30,Piper's Creek,1950,dead,chum,,ad,male,yes,spawned,,,2013,72.0,27.0,6.0,,scanned,salmon_2013_scanned_raw.csv,,,,,,,,,,,
121.0,2013-11-30,Piper's Creek,1950,dead,chum,,ad,male,yes,partially spawned,yes,,2013,72.0,29.0,8.0,,scanned,salmon_2013_scanned_raw.csv,,,,,,,,,,,
122.0,2013-11-30,Piper's Creek,1950,live,chum,,ad,unk,,unknown,,,2013,,,,,scanned,salmon_2013_scanned_raw.csv,,,,,,,,,,,
123.0,2013-11-30,Piper's Creek,1950,live,chum,,ad,unk,,spawned,yes,,2013,72.0,,,,scanned,salmon_2013_scanned_raw.csv,,,,,,,,,,,
124.0,2013-11-30,Piper's Creek,1950,dead,chum,,ad,female,yes,partially spawned,yes,,2013,72.0,24.0,6.0,,scanned,salmon_2013_scanned_raw.csv,,,,,,,,,,,
125.0,2013-11-30,Piper's Creek,1950,dead,chum,,ad,male,yes,unknown,,,2013,72.0,31.0,8.0,,scanned,salmon_2013_scanned_raw.csv,,,,,,,,,,,
126.0,2013-11-30,Piper's Creek,1950,live,chum,,ad,male,,unknown,,,2013,,,,,scanned,salmon_2013_scanned_raw.csv,,,,,,,,,,,
127.0,2013-11-30,Piper's Creek,1950,live,chum,,ad,male,,unknown,,,2013,,,,,scanned,salmon_2013_scanned_raw.csv,,,,,,,,,,,
128.0,2013-11-30,Piper's Creek,1950,live,chum,,ad,female,,unknown,,,2013,,,,,scanned,salmon_2013_scanned_raw.csv,,,,,,,,,,,
129.0,2013-11-30,Piper's Creek,1950,live,chum,,ad,female,,unknown,,,2013,,,,,scanned,salmon_2013_scanned_raw.csv,,,,,,,,,,,
130.0,2013-11-30,Piper's Creek,1950,live,chum,,ad,male,,unknown,,,2013,,,,,scanned,salmon_2013_scanned_raw.csv,,,,,,,,,,,
131.0,2013-11-30,Piper's Creek,1950,live,chum,,ad,male,,unknown,,,2013,,,,,scanned,salmon_2013_scanned_raw.csv,,,,,,,,,,,
132.0,2013-11-30,Piper's Creek,2000,live,chum,,ad,male,,unknown,,,2013,,,,,scanned,salmon_2013_scanned_raw.csv,,,,,,,,,,,
133.0,2013-11-30,Piper's Creek,2000,live,chum,,ad,female,,unknown,,,2013,,,,,scanned,salmon_2013_scanned_raw.csv,,,,,,,,,,,
134.0,2013-11-30,Piper's Creek,2000,remnant,chum,,ad,female,yes,spawned,,,2013,72.0,25.0,5.5,,scanned,salmon_2013_scanned_raw.csv,,,,,,,,,,,
135.0,2013-11-30,Piper's Creek,2000,remnant,chum,,ad,male,yes,spawned,yes,,2013,72.0,31.0,9.0,,scanned,salmon_2013_scanned_raw.csv,,,,,,,,,,,
136.0,2013-11-30,Piper's Creek,2000,dead,chum,,ad,male,yes,spawned,yes,,2013,72.0,31.0,8.0,,scanned,salmon_2013_scanned_raw.csv,,,,,,,,,,,
137.0,2013-11-30,Venema Creek,100,remnant,chum,,ad,female,yes,unknown,yes,,2013,72.0,,,,scanned,salmon_2013_scanned_raw.csv,,,,,,,,,,,
138.0,2013-11-30,Venema Creek,100,dead,chum,,ad,male,yes,partially spawned,yes,,2013,72.0,25.0,5.0,,scanned,salmon_2013_scanned_raw.csv,,,,,,,,,,,
139.0,2013-11-30,Venema Creek,100,dead,chum,,ad,female,yes,spawned,,,2013,72.0,25.0,6.0,,scanned,salmon_2013_scanned_raw.csv,,,,,,,,,,,
140.0,2013-11-30,,,remnant,chum,,ad,female,,unknown,,,2013,72.0,,,,scanned,salmon_2013_scanned_raw.csv,,,,,,,,,,,
141.0,2013-11-30,Venema Creek,200,remnant,chum,,ad,female,,unknown,yes,,2013,72.0,,,,scanned,salmon_2013_scanned_raw.csv,,,,,,,,,,,
142.0,2013-11-30,Venema Creek,200,remnant,chum,,ad,female,,unknown,yes,,2013,72.0,,,,scanned,salmon_2013_scanned_raw.csv,,,,,,,,,,,
143.0,2013-11-30,Venema Creek,200,dead,coho,,ad,male,yes,unspawned,yes,,2013,72.0,24.0,6.0,,scanned,salmon_2013_scanned_raw.csv,,,,,,,,,,,
